-- phpMyAdmin SQL Dump
-- version 4.1.14
-- http://www.phpmyadmin.net
--
-- Хост: 127.0.0.1
-- Время создания: Мар 11 2018 г., 21:08
-- Версия сервера: 5.6.17
-- Версия PHP: 5.5.12

SET SQL_MODE = "NO_AUTO_VALUE_ON_ZERO";
SET time_zone = "+00:00";


/*!40101 SET @OLD_CHARACTER_SET_CLIENT=@@CHARACTER_SET_CLIENT */;
/*!40101 SET @OLD_CHARACTER_SET_RESULTS=@@CHARACTER_SET_RESULTS */;
/*!40101 SET @OLD_COLLATION_CONNECTION=@@COLLATION_CONNECTION */;
/*!40101 SET NAMES utf8 */;

--
-- База данных: `my_shop`
--

-- --------------------------------------------------------

--
-- Структура таблицы `category`
--

CREATE TABLE IF NOT EXISTS `category` (
  `id` int(11) NOT NULL AUTO_INCREMENT,
  `name` varchar(255) NOT NULL,
  `sort_order` int(11) NOT NULL DEFAULT '0',
  `status` int(11) NOT NULL DEFAULT '1',
  PRIMARY KEY (`id`)
) ENGINE=InnoDB  DEFAULT CHARSET=utf8 AUTO_INCREMENT=10 ;

--
-- Дамп данных таблицы `category`
--

INSERT INTO `category` (`id`, `name`, `sort_order`, `status`) VALUES
(1, 'Ноутбуки', 1, 1),
(2, 'Системные блоки', 2, 1),
(3, 'Моноблоки', 3, 1),
(4, 'Планшеты', 4, 1),
(5, 'Мониторы', 5, 1),
(6, 'Клавиатуры и мыши', 6, 1),
(7, 'Акустические системы', 7, 1),
(8, 'Наушники', 8, 1),
(9, 'Веб-камеры', 9, 1);

-- --------------------------------------------------------

--
-- Структура таблицы `number_views`
--

CREATE TABLE IF NOT EXISTS `number_views` (
  `id` int(11) NOT NULL AUTO_INCREMENT,
  `product_id` int(11) NOT NULL,
  `user_id` int(11) NOT NULL,
  `counter` int(11) DEFAULT '1',
  PRIMARY KEY (`id`),
  KEY `product_id` (`product_id`),
  KEY `product_id_2` (`product_id`),
  KEY `product_id_3` (`product_id`)
) ENGINE=InnoDB  DEFAULT CHARSET=utf8 AUTO_INCREMENT=140 ;

--
-- Дамп данных таблицы `number_views`
--

INSERT INTO `number_views` (`id`, `product_id`, `user_id`, `counter`) VALUES
(101, 40, 5, 1),
(102, 55, 5, 4),
(103, 56, 5, 4),
(104, 54, 5, 2),
(105, 52, 5, 1),
(106, 98, 5, 3),
(107, 102, 5, 5),
(108, 103, 5, 1),
(109, 101, 5, 1),
(110, 106, 5, 5),
(111, 105, 5, 1),
(112, 104, 5, 3),
(113, 37, 5, 6),
(114, 38, 5, 6),
(115, 119, 5, 2),
(116, 63, 3, 4),
(117, 64, 3, 3),
(118, 66, 3, 1),
(119, 65, 3, 1),
(120, 101, 3, 2),
(121, 102, 3, 2),
(122, 103, 3, 1),
(123, 98, 3, 1),
(124, 118, 3, 1),
(125, 107, 3, 1),
(126, 37, 3, 1),
(127, 91, 6, 3),
(128, 93, 6, 2),
(129, 92, 6, 1),
(130, 88, 6, 1),
(131, 89, 6, 1),
(132, 125, 6, 2),
(133, 126, 6, 2),
(134, 124, 6, 1),
(135, 123, 6, 1),
(136, 122, 6, 1),
(137, 103, 6, 1),
(138, 101, 6, 1),
(139, 99, 6, 1);

-- --------------------------------------------------------

--
-- Структура таблицы `product`
--

CREATE TABLE IF NOT EXISTS `product` (
  `id` int(11) NOT NULL AUTO_INCREMENT,
  `name` varchar(255) NOT NULL,
  `category_id` int(11) NOT NULL,
  `code` int(11) NOT NULL,
  `price` float NOT NULL,
  `availability` int(11) NOT NULL,
  `brand` varchar(255) NOT NULL,
  `image` varchar(255) NOT NULL,
  `description` text NOT NULL,
  `is_new` int(11) NOT NULL DEFAULT '0',
  `is_recommended` int(11) NOT NULL DEFAULT '0',
  `status` int(11) NOT NULL DEFAULT '1',
  PRIMARY KEY (`id`)
) ENGINE=InnoDB  DEFAULT CHARSET=utf8 AUTO_INCREMENT=127 ;

--
-- Дамп данных таблицы `product`
--

INSERT INTO `product` (`id`, `name`, `category_id`, `code`, `price`, `availability`, `brand`, `image`, `description`, `is_new`, `is_recommended`, `status`) VALUES
(34, 'Ноутбук Asus X200MA', 1, 1839707, 15699, 1, 'Asus', '', 'Гарантия	12 мес.\nТип	Ноутбук\nКонструкция	Классическая\nСерия процессора	Intel Pentium Quad Core\nМодель процессора	N4200\nКоличество ядер	4\nБазовая частота процессора	1.1 ГГц\nДиагональ дисплея	15.6 "\nРазрешение дисплея	1920 x 1080 (Full HD)\nТип матрицы	TN+film\nПокрытие дисплея	антибликовое\nОбъем ОЗУ	4 Гб\nОбъем жесткого диска HDD	1000 Гб\nСкорость вращения	5400 об/мин\nТип видеокарты	интегрированная\nМодель видеокарты	Intel HD Graphics 505\nОптический привод	отсутствует\nБеспроводные коммуникации	Wi-Fi; Bluetooth\nСтандарт Wi-Fi	IEEE 802.11 b/g/n\nПорты и разъемы	HDMI; карт-ридер; комбинированный аудио разъем\nКоличество портов USB 2.0	1 шт.\nКоличество портов USB 3.0	1 шт.\nКоличество портов USB 3.1 Type-C	1 шт.\nВеб-камера	0.3 Мп (VGA)\nКонфигурация аудиосистемы	2 динамика\nОперационная система	Endless OS\nТип аккумулятора	Li-Ion\nКоличество отделений аккумулятора	2\nГабариты	339 x 235 x 21.9 мм\nВес	1.65 кг\nЦвет крышки	синий\nЦвет рабочей поверхности	синий', 1, 0, 1),
(35, 'Ноутбук HP Stream 11-d050nr', 1, 2343847, 23499, 1, 'HP', '', 'Все, что нужно для комфорта\nHP Laptop 17-bs041ur (2KF10EA) получил надежное внутреннее оснащение, обеспечивающее стабильную работу ноутбука при решении простых повседневных задач. Высокая производительность и надежный аккумулятор помогают создать все условия, необходимые для комфортной работы и проведения досуга. Коротайте вечера за просмотром любимого фильма с экрана диагональю 17.3 дюйма. Наслаждайтесь четким изображением с превосходной детализацией благодаря разрешению 1600 х 900 пикселей. На поверхность дисплея нанесено антибликовое покрытие. Оно препятствует появлению бликов и мерцания – теперь ничто не помешает работе за ПК в погожий, солнечный день.\n\nВысокая вычислительная мощность\nHP оснащен двухъядерным процессором седьмого поколения Intel Core i5-7200U с базовой частотой 2.5 ГГц. Оперативное запоминающее устройство объемом 8 Гб отвечает за быстродействие системы и скорость запуска программ. Для установки программ и хранения большого количества медиаконтента используется жесткий диск емкостью 1000 Гб. В ноутбуке используется дискретная видеокарта AMD Radeon 520 с объемом видеопамяти 2 Гб. Сетевой адаптер LAN 10/100/1000 Мбит/с обеспечивает подключение к интернету, а Wi-Fi-доступ к беспроводной сети. Чтобы установить связь с дополнительными устройствами воспользуйтесь интерфейсами HDMI , карт-ридер ом, комбинированным аудио разъемом, тремя USB-портами.\n\nЭргономичный и компактный\nHP Laptop 17-bs041ur (2KF10EA) получил до мелочей продуманную конструкцию как внутри, так и снаружи. Он оснащен экраном с большими углами обзора и диагональю 17.3 дюйма (43.9 см). Особенностью Laptop 17 стали оригинальные узоры, необычные текстуры и хромированное шарнирное соединение. Устройство обладает размерами 415 x 278 x 24.6 мм, и легко поместится в рюкзаке или сумке.\n\nОставайтесь на связи\nМощный литий-ионный аккумулятор обеспечит долговременный заряд ноутбука. Всегда оставайтесь на связи с родными и друзьями благодаря встроенной веб-камере. Общайтесь по видеосвязи Skype. Наслаждайтесь приятным общением с помощью HD-камеры.', 0, 0, 1),
(36, 'Ноутбук ASUS E502NA', 1, 2028027, 17999, 1, 'Asus', '', 'Тип	Ноутбук\nКонструкция	Классическая\nСерия процессора	Intel Pentium Quad Core\nМодель процессора	N4200\nКоличество ядер	4\nБазовая частота процессора	1.1 ГГц\nДиагональ дисплея	15.6 "\nРазрешение дисплея	1920 x 1080 (Full HD)\nТип матрицы	TN+film\nПокрытие дисплея	антибликовое\nТип памяти	DDR3\nОбъем ОЗУ	4 Гб\nЧастота памяти	1600 MHz\nОбъем жесткого диска HDD	1000 Гб\nСкорость вращения	5400 об/мин\nТип видеокарты	дискретная\nПроизводитель видеокарты	NVIDIA\nМодель видеокарты	GeForce GT810M\nОбъем видеопамяти	2 Гб\nОптический привод	DVD±RW (Super Multi)\nБеспроводные коммуникации	Wi-Fi; Bluetooth\nСтандарт Wi-Fi	IEEE 802.11 b/g/n\nСетевая карта	LAN 10/100 Мбит/с (Fast Ethernet)\nПорты и разъемы	VGA (D-Sub); HDMI; карт-ридер; комбинированный аудио разъем\nКоличество портов USB 2.0	1 шт.\nКоличество портов USB 3.0	1 шт.\nКоличество портов USB 3.1 Type-C	1 шт.\nВеб-камера	0.3 Мп (VGA)\nОперационная система	Linux\nТип аккумулятора	Li-Ion\nКоличество отделений аккумулятора	2\nГабариты	381.4 x 251.5 x 27.6 - 27.6 мм\nВес	2 кг\nЦвет крышки	черный\nЦвет рабочей поверхности	коричневый', 0, 0, 1),
(37, 'Ноутбук ACER E5-576G', 1, 2019487, 14599, 1, 'Acer', '', 'лючевые характеристики\r\nНоутбук ACER E5-576G-31L8 (NX.GU2EU.006) оборудован двухъядерным процессором Intel Core i3-6006U с базовой частотой 2.0 ГГц. Этого вполне достаточно для выполнения различных задач по работе и учебе. В качестве графического адаптера используется дискретная графическая плата NVIDIA GeForce GT940MX, которая обеспечивает высокий уровень производительности в играх и при работе с программами. За быстрый запуск системы и приложений отвечает ОЗУ объемом 4 Гб. Для хранения ваших личных данных и мультимедийного контента выделено 1 Тб памяти на HDD-диске.\r\n\r\nРеалистичное изображение\r\nACER E5-576G-31L8 (NX.GU2EU.006) получил дисплей диагональю 15.6 дюйма с разрешающей способностью 1920 x 1080 пикселей (Full HD). В основе экрана лежит матрица TN+film, что обеспечивает минимальное время отклика в динамичных играх и фильмах. На экран выводится насыщенная и реалистичная картинка. Дополнительное матовое покрытие дисплея препятствует появлению бликов в ярко освещенном помещении.\r\n\r\nИнтерфейсы и дополнительные характеристики\r\nРазмеры ноутбука ACER составляют 381.60 x 259 x 30.20 мм, а вес равен 2.2 кг. Благодаря этому вы с легкостью сможете путешествовать с ним, положив ПК в специальную сумку или рюкзак. Подключайтесь к интернету с помощью встроенного модуля Wi-Fi IEEE 802.11 ac или сетевой карты LAN 10/100/1000 Мбит/с (Gigabit Ethernet). Используя карт-ридер и технологию Bluetooth можно быстро обмениваться файлами с другими ПК и смартфонами. Для вывода изображения на сторонние мониторы и проекторы предусмотрены разъемы HDMI и VGA (D-Sub). Также в перечне полезных интерфейсов есть один порт USB 2.0, два USB 3.0 и один USB 3.1 Type-C.', 0, 0, 1),
(38, 'Ноутбук ACER Aspire E5-774G', 1, 1953212, 14999, 1, 'Acer', '', 'Ноутбук с широким функционалом\nНоутбук из модельного ряда Acer Aspire обладает производительностью, которой будет достаточно для выполнения задач по бизнесу или учебе, а также для работы с мультимедийными файлами. Устройство оснащено ярким экраном диагональю 17.3 дюйма, на котором вам будет удобно работать с браузером, текстовыми программами, а также смотреть фильмы и фотографии. Разрешающая способность дисплея составляет 1600 х 900 точек.\n\nПроизводительность и объем памяти\nМодель ACER Aspire E5-774G-30K5 (NX.GG7EU.056) функционирует на базе двухъядерно процессорного устройства Intel Core i3 модели 6006U, номинальная тактовая частота которого составляет 2.0 ГГц. Оперативное запоминающее устройство с объемом памяти 4 Гб обеспечит быстродействие операционной системы и мгновенный отклик программ в многозадачном режиме. На жестком диске емкостью 1Тб вы сможете хранить большое количество программ, личных файлов, включая фото, видео, игры и многое другое.\n\nВидеоадаптер\nЗа качественную обработку и вывод графического изображения отвечает дискретная видеокарта NVIDIA GeForce GT940MX. Она обеспечивает высокий уровень производительности в современных играх и требовательных программах. Объем выделенной видеопамяти составляет 2 Гб. Так вы сможете эффективно обрабатывать фотографии в графических редакторах, заниматься 3D-моделированием и т.д. Графическая система поддерживает целый ряд инновационных технологий: GPU Boost 2.0, Optimus, PhysX, CUDA и GeForce Experience.\n\nВозможности подключения\nДля обмена данными с другими мультимедийными устройствами модель оснащена модулями Wi-FiIEEE 802.11 a/b/g/n/ac и Bluetooth. Получить доступ к сети интернет можно также при подключении сетевой карты LAN 10/100/1000 Мбит/с. Наличие интерфейсов USB 2.0 и USB 3.0 позволит просматривать мультимедийный контент со флеш-накопителей и внешних жестких дисков. Также ноутбук оборудован портом USB 3.1 Type-C с пропускной способностью 10 Гбит/с.\n\nДополнительные особенности\nМодель ACER Aspire E5-774G-30K5 (NX.GG7EU.056) оснащена веб-камерой, обеспечивающей яркое и детализированное изображение. С её помощью вы установите качественную видеосвязь для общения в специализированных программах с эффектом полного присутствия. Устройство поставляется с предустановленной операционной системой Linux.', 0, 0, 1),
(39, 'Ноутбук LENOVO IdeaPad', 1, 1602042, 7799, 1, 'Lenovo', '', 'Гарантия	12 мес.\r\nТип	Ноутбук\r\nКонструкция	Классическая\r\nСерия процессора	AMD E2\r\nМодель процессора	9000\r\nКоличество ядер	2\r\nБазовая частота процессора	1.8 ГГц\r\nДиагональ дисплея	15.6 "\r\nРазрешение дисплея	1366 х 768 (HD Ready)\r\nТип матрицы	TN+film\r\nПокрытие дисплея	антибликовое\r\nТип памяти	DDR4\r\nОбъем ОЗУ	4 Гб\r\nЧастота памяти	1866 MHz\r\nОбъем жесткого диска HDD	500 Гб\r\nСкорость вращения	5400 об/мин\r\nТип видеокарты	интегрированная\r\nМодель видеокарты	Radeon R2\r\nОптический привод	отсутствует\r\nБеспроводные коммуникации	Wi-Fi; Bluetooth\r\nСтандарт Wi-Fi	IEEE 802.11 ac\r\nПорты и разъемы	HDMI; карт-ридер; комбинированный аудио разъем\r\nКоличество портов USB 2.0	1 шт.\r\nКоличество портов USB 3.0	1 шт.\r\nВеб-камера	0.3 Мп (VGA)\r\nКонфигурация аудиосистемы	2 динамика\r\nОперационная система	DOS\r\nКоличество отделений аккумулятора	2\r\nГабариты	338.3 x 249.9 x 22.7 мм\r\nВес	2.1 кг\r\nЦвет крышки	серебристый\r\nЦвет рабочей поверхности	серебристый', 0, 1, 1),
(40, 'Ноутбук DELL Inspiron 3567 ', 1, 2028367, 11599, 1, 'DELL', '', 'Общие характеристики\r\nНоутбук DELL Inspiron 3567 (I353410DDL-60GNR) станет отличным мультимедийным центром для всей семьи. В нем предусмотрено большое пространство для хранения большого количества фотографий, аудиозаписей, фильмов и других файлов – 1000 Гб. Двухъядерный процессор шестого поколения Intel Core i3-6006U с базовой частотой 2 ГГц и оперативная память объемом 4 Гб обеспечивает высокую производительность устройства в режиме многозадачности. Дискретная видеокарта Radeon R5 M430 от AMD с объемом видеопамяти 2 Гб оптимизирует графику в компьютерных играх и фильмах, делая ее более плавной.\r\n\r\nИзображение и звук\r\nРазрешающая способность дисплея 1366 х 768 пикселей обеспечивает высокую резкость изображений. Антибликовое покрытие предотвращает появление бликов и мерцаний получаемых от лучей солнца. Даже в условиях интенсивной освещенности пользователь DELL сможет комфортно работать. Оптимальная диагональ экрана 15.6 дюйма и большой угол обзора обеспечивают удобство при просмотре фильмов и видеороликов. Аудисоситема представлена двумя встроенными динамиками. Инновационная технология оптимизации звука Waves MaxxAudio обеспечивает невероятно глубокие, «жирные» басы и четкие высокие ноты. За счет этого звучание становится объемным и мощным.\r\n\r\nИнтернет и коммуникации\r\nДля подключения DELL Inspiron 3567 (I353410DDL-60GNR) используется сетевой адаптер LAN 10/100 Мбит/с (Fast Ethernet). Wi-Fi-модуль (IEEE 802.11 a/b/g/n/aс) обеспечивает высокоскоростное подключение к беспроводной сети. Общайтесь с родными в Skype с помощью веб-камеры. В ноутбуке предусмотрен оптический привод DVD±RW (Super Multi), карт-ридер, комбинированный аудио разъем, HDMI-разъем, два порта USB 3.0 и один USB 2.0.\r\n\r\nСтильный дизайн\r\nDELL заключен в прочный пластиковый корпус. Его вес составляет 2.25 кг, а размеры - 23.65 x 380 x 260.3 мм. Матовый черный цвет придает ноутбуку изящность и элегантность.', 0, 0, 1),
(46, 'Ноутбук ASUS F542U', 1, 6351180, 17599, 1, 'Asus', '', 'Гарантия	12 мес.\r\nТип	Ноутбук\r\nКонструкция	Классическая\r\nСерия процессора	Intel Core i5\r\nПоколение Intel Core	VII поколение\r\nМодель процессора	7200U\r\nКоличество ядер	2\r\nБазовая частота процессора	2.5 ГГц\r\nДиагональ дисплея	15.6 "\r\nРазрешение дисплея	1920 x 1080 (Full HD)\r\nТип матрицы	TN+film\r\nПокрытие дисплея	антибликовое\r\nТип памяти	DDR4\r\nОбъем ОЗУ	8 Гб\r\nЧастота памяти	2133 MHz\r\nОбъем жесткого диска HDD	1000 Гб\r\nСкорость вращения	5400 об/мин\r\nТип видеокарты	дискретная\r\nПроизводитель видеокарты	NVIDIA\r\nМодель видеокарты	GeForce GT940MX\r\nОбъем видеопамяти	2 Гб\r\nОптический привод	DVD±RW (Super Multi)\r\nБеспроводные коммуникации	Wi-Fi; Bluetooth\r\nСтандарт Wi-Fi	IEEE 802.11 ac\r\nСетевая карта	LAN 10/100/1000 Мбит/с (Gigabit Ethernet)\r\nПорты и разъемы	VGA (D-Sub); HDMI; карт-ридер; комбинированный аудио разъем\r\nКоличество портов USB 2.0	1 шт.\r\nКоличество портов USB 3.1 Type-A	2 шт.\r\nКоличество портов USB 3.1 Type-C	1 шт.\r\nВеб-камера	0.3 Мп (VGA)\r\nКонфигурация аудиосистемы	2 динамика\r\nОперационная система	Endless OS\r\nКоличество отделений аккумулятора	2\r\nГабариты	380 x 251 x 23.2 мм\r\nВес	2.15 кг\r\nЦвет крышки	золотистый\r\nЦвет рабочей поверхности	золотистый', 0, 0, 1),
(47, 'Ноутбук ASUS F756UQ-T4282D', 1, 6339368, 21999, 1, 'Asus', '', 'Тип	Ноутбук\r\nКонструкция	Классическая\r\nСерия процессора	Intel Core i5\r\nПоколение Intel Core	VII поколение\r\nМодель процессора	7200U\r\nКоличество ядер	2\r\nБазовая частота процессора	2.5 ГГц\r\nДиагональ дисплея	17.3 "\r\nРазрешение дисплея	1920 x 1080 (Full HD)\r\nПокрытие дисплея	антибликовое\r\nОбъем ОЗУ	8 Гб\r\nОбъем жесткого диска HDD	1000 Гб\r\nСкорость вращения	5400 об/мин\r\nТип видеокарты	дискретная\r\nПроизводитель видеокарты	NVIDIA\r\nМодель видеокарты	GeForce GT940MX\r\nОбъем видеопамяти	2 Гб\r\nОптический привод	DVD±RW (Super Multi)\r\nБеспроводные коммуникации	Wi-Fi; Bluetooth\r\nПорты и разъемы	VGA (D-Sub); HDMI; карт-ридер; комбинированный аудио разъем\r\nКоличество портов USB 2.0	2 шт.\r\nКоличество портов USB 3.0	1 шт.\r\nКоличество портов USB 3.1 Type-C	1 шт.\r\nВеб-камера	0.3 Мп (VGA)\r\nОперационная система	DOS\r\nКоличество отделений аккумулятора	2\r\nГабариты	415 x 37.5 x 274 мм\r\nВес	2.69 кг\r\nЦвет крышки	коричневый\r\nЦвет рабочей поверхности	коричневый', 0, 0, 1),
(48, 'Ноутбук HP 17-bs041ur', 1, 6366279, 21999, 1, 'HP', '', 'Все, что нужно для комфорта\r\nHP Laptop 17-bs041ur (2KF10EA) получил надежное внутреннее оснащение, обеспечивающее стабильную работу ноутбука при решении простых повседневных задач. Высокая производительность и надежный аккумулятор помогают создать все условия, необходимые для комфортной работы и проведения досуга. Коротайте вечера за просмотром любимого фильма с экрана диагональю 17.3 дюйма. Наслаждайтесь четким изображением с превосходной детализацией благодаря разрешению 1600 х 900 пикселей. На поверхность дисплея нанесено антибликовое покрытие. Оно препятствует появлению бликов и мерцания – теперь ничто не помешает работе за ПК в погожий, солнечный день.\r\n\r\nВысокая вычислительная мощность\r\nHP оснащен двухъядерным процессором седьмого поколения Intel Core i5-7200U с базовой частотой 2.5 ГГц. Оперативное запоминающее устройство объемом 8 Гб отвечает за быстродействие системы и скорость запуска программ. Для установки программ и хранения большого количества медиаконтента используется жесткий диск емкостью 1000 Гб. В ноутбуке используется дискретная видеокарта AMD Radeon 520 с объемом видеопамяти 2 Гб. Сетевой адаптер LAN 10/100/1000 Мбит/с обеспечивает подключение к интернету, а Wi-Fi-доступ к беспроводной сети. Чтобы установить связь с дополнительными устройствами воспользуйтесь интерфейсами HDMI , карт-ридер ом, комбинированным аудио разъемом, тремя USB-портами.\r\n\r\nЭргономичный и компактный\r\nHP Laptop 17-bs041ur (2KF10EA) получил до мелочей продуманную конструкцию как внутри, так и снаружи. Он оснащен экраном с большими углами обзора и диагональю 17.3 дюйма (43.9 см). Особенностью Laptop 17 стали оригинальные узоры, необычные текстуры и хромированное шарнирное соединение. Устройство обладает размерами 415 x 278 x 24.6 мм, и легко поместится в рюкзаке или сумке.\r\n\r\nОставайтесь на связи\r\nМощный литий-ионный аккумулятор обеспечит долговременный заряд ноутбука. Всегда оставайтесь на связи с родными и друзьями благодаря встроенной веб-камере. Общайтесь по видеосвязи Skype. Наслаждайтесь приятным общением с помощью HD-камеры.', 0, 0, 1),
(49, 'Ноутбук LENOVO IdeaPad 510', 1, 6325427, 18999, 1, 'Lenovo', '', 'Гарантия	12 мес.\r\nТип	Ноутбук\r\nКонструкция	Классическая\r\nСерия процессора	Intel Core i5\r\nПоколение Intel Core	VII поколение\r\nМодель процессора	7200U\r\nКоличество ядер	2\r\nБазовая частота процессора	2.5 ГГц\r\nДиагональ дисплея	15.6 "\r\nРазрешение дисплея	1920 x 1080 (Full HD)\r\nТип матрицы	IPS\r\nТип памяти	DDR4\r\nОбъем ОЗУ	8 Гб\r\nЧастота памяти	2133 MHz\r\nОбъем жесткого диска HDD	1000 Гб\r\nСкорость вращения	5400 об/мин\r\nТип видеокарты	дискретная\r\nПроизводитель видеокарты	NVIDIA\r\nМодель видеокарты	GeForce GT940MX\r\nОбъем видеопамяти	2 Гб\r\nОптический привод	отсутствует\r\nБеспроводные коммуникации	Wi-Fi; Bluetooth\r\nСтандарт Wi-Fi	IEEE 802.11 ac\r\nСетевая карта	LAN 10/100/1000 Мбит/с (Gigabit Ethernet)\r\nПорты и разъемы	карт-ридер; комбинированный аудио разъем\r\nКоличество портов USB 2.0	2 шт.\r\nКоличество портов USB 3.0	1 шт.\r\nВеб-камера	720p (HD)\r\nКонфигурация аудиосистемы	2 динамика\r\nОперационная система	Windows 10\r\nГабариты	379 x 260 x 22.9 мм\r\nВес	2.2 кг\r\nЦвет крышки	серебристый\r\nЦвет рабочей поверхности	серебристый', 0, 0, 1),
(50, 'Ноутбук LENOVO IP 320-15IKB ', 1, 6367778, 16699, 1, 'Lenovo', '', 'Дизайн\r\nПортативный компьютер от LENOVO выполнен в пластиковом корпусе с габаритами 378 x 260 x 22.9 мм и лаконичной серой расцветкой. Вес устройства составляет всего 2.2 кг, что позволит вам брать его с собой в командировки или путешествия, удобно расположив его в рюкзаке или сумке.\r\n\r\nВпечатляющее качество изображения\r\nЗадействованная в персональном компьютере TN+film матрица отличается способностью корректно отображать динамичные сцены в компьютерных играх, фильмах и сериалах. Ноутбук LENOVO оснащен экраном диагональю 15.6 дюйма с разрешением 1920 x 1080 (Full HD) точек, благодаря чему он удобен не только для выполнения простых ежедневных задач по работе или учебе, но и для разнообразных мультимедийных развлечений. Антибликовое покрытие способно сохранить четкость картинки даже при ярком освещении. Общайтесь по Skype с друзьями, родственниками и коллегами по работе благодаря встроенной веб-камере с матрицей на 0.3 Мп (VGA).\r\n\r\nОсновные характеристики\r\nПерсональный компьютер оснащен 2-ядерным ЦП 7-го поколения Intel Core i5-7200U с частотой 2.5 ГГц, чего более чем достаточно как для выполнения простых ежедневных задач, так и для обработки ресурсозатратных процессов. Быстрый запуск программ и приложений, а также молниеносное переключение между активными окнами обеспечивают 6 Гб ОЗУ типа DDR4. Для хранения ваших личных данных, таких как музыка, видео, семейные фото и документы предусмотрен HDD-диск объемом 1000 Гб со скоростью вращения шпинделя 5400 об/мин. В ПК установлена дискретная видеокарта NVIDIA GeForce GT940MX с 2 Гб видеопамяти.\r\n\r\nКоммуникации\r\nМодуль Wi-Fi и сетевая карта LAN 10/100/1000 Мбит/с предоставляют вам возможность установить соединение с интернетом. Обменивайтесь разнообразными данными с другими устройствами и гаджетами при помощи Bluetooth и карт-ридера. Для подключения периферийных приборов конструкцией предусмотрено три порта USB.', 0, 0, 1),
(51, 'Ноутбук LENOVO 510-15 ', 1, 6303330, 17999, 1, 'Lenovo', '', 'Описание LENOVO 510-15 (80SV00B9RA)\r\nПроизводительность и память\r\nНоутбук от компании LENOVO получил производительный процессор Intel Core i5 7200U с тактовой частотой 2.5 ГГц. Выполнение операционных задач и хранение временных данных обеспечивает оперативное запоминающее устройство объемом 8 ГБ. Для хранения массива неизменяемых данных в устройстве установлен жесткий диск на 1 ТБ.\r\n\r\nИзображение и звук\r\nМодель оснащена дискретным графическим ядром Nvidia GeForce GT940MX с выделенной памятью 2 ГБ. Видеоускоритель предназначен для преобразования графических образов в форму, подходящую для вывода изображения на экран. В ноутбуке реализован IPS-дисплей с антибликовым покрытием. Его разрешение составляет 1920 х 1080 пикселей. Матрица характеризуется максимальными углами обзора (178°) и естественной передачей цветов. За качественный звук в устройстве отвечают встроенные динамики и технология Harman.\r\n\r\nКоммуникационные возможности\r\nДля передачи цифровых видеоданных высокого разрешения и многоканальных аудиосигналов в ноутбуке предусмотрен разъем HDMI. 2 порта USB 3.0 дают возможность передавать данные на высокой скорости. Кроме того, в данной модели есть разъемы USB 2.0, RJ-45, VGA, кардридер и комбинированный аудиоразъем.', 0, 1, 1),
(52, 'Ноутбук ASUS X302UV', 1, 6372410, 18488, 1, 'Asus', '', 'Описание ASUS X302UV-R4023D\r\nПроизводительность и память\r\nВысокий уровень производительности ноутбука от компании ASUS обеспечивается 2-ядерным процессором Intel Core i5 6-го поколения и оперативным запоминающем устройством с объемом памяти 8 Гб. Базовая тактовая частота работы ЦПУ составляет 2.3 ГГц. Для хранения личной информации и различного медиаконтента данная модель оснащена жестким диском объемом 1000 Гб.\r\n\r\nИзображение\r\nВ модели ASUS X302UV-R4023D установлен дисплей, выполненный по технологии IPS. Он отличается максимальными углами обзора (178°) и естественной цветопередачей. Экран диагональю 13.3 дюйма обладает разрешающей способностью 1920 х 1080 пикселей. Дисплей имеет антибликовое покрытие, которое снижает утомляемость глаз при работе с ноутбуком. В качестве технологии, улучшающей изображение, в устройстве используется ASUS Splendid, которая позволяет быстро оптимизировать настройки экрана под конкретный вид деятельности. Технология предлагает пользователю 4 предустановленных режима: Normal (Нормальный), Theater (Театральный), Vivid (Насыщенный), Manual (Пользовательский).\r\n\r\nЗвук\r\nАудиосистема ноутбука представлена 2 встроенными динамиками и микрофоном. За качество звука в модели ASUS X302UV-R4023D отвечает технология ASUS SonicMaster, представляющая собой комплекс программных и аппаратных средств улучшения звучания. В устройстве реализована функция гибкой настройки звука AudioWizard, которая имеет 5 предустановленных режимов звучания, оптимизированных под конкретный стиль музыки или тип приложения (музыка, фильмы, игры и т.д.).\r\n\r\nДизайн и другие особенности\r\nНоутбук выполнен в фирменном стиле компании ASUS. Устройство имеет изящный компактный корпус (328 x 234 x 25.6 мм) черно-серебристого цвета. Крышка данной модели имеет текстурированный узор из концентрических кругов. Рабочая поверхность ноутбука оснащена эргономичной клавиатурой и большим тачпадом с поддержкой функции жестового управления. Рабочая поверхность не нагревается благодаря технологии ASUS IceCool, которая заключается в продуманной конструкции вентиляционных отверстий и их расположении.', 0, 0, 1),
(53, 'Ноутбук LENOVO Legion Y520', 1, 6357491, 27288, 1, 'Lenovo', '', 'Гарантия	12 мес.\r\nТип	Ноутбук\r\nКонструкция	Классическая\r\nСерия процессора	Intel Core i5\r\nПоколение Intel Core	VII поколение\r\nМодель процессора	7300HQ\r\nКоличество ядер	4\r\nБазовая частота процессора	2.5 ГГц\r\nДиагональ дисплея	15.6 "\r\nРазрешение дисплея	1920 x 1080 (Full HD)\r\nТип матрицы	IPS\r\nПокрытие дисплея	антибликовое\r\nТип памяти	DDR4\r\nОбъем ОЗУ	6 Гб\r\nЧастота памяти	2400 MHz\r\nОбъем жесткого диска HDD	1000 Гб\r\nСкорость вращения	5400 об/мин\r\nТип видеокарты	дискретная\r\nПроизводитель видеокарты	NVIDIA\r\nМодель видеокарты	GeForce GTX1050\r\nОбъем видеопамяти	4 Гб\r\nОптический привод	отсутствует\r\nБеспроводные коммуникации	Wi-Fi; Bluetooth\r\nСтандарт Wi-Fi	IEEE 802.11 ac\r\nСетевая карта	LAN 10/100/1000 Мбит/с (Gigabit Ethernet)\r\nПорты и разъемы	HDMI; карт-ридер; 2 аудио разъема: для наушников и микрофона\r\nКоличество портов USB 2.0	1 шт.\r\nКоличество портов USB 3.0	2 шт.\r\nКоличество портов USB 3.1 Type-C	1 шт.\r\nВеб-камера	720p (HD)\r\nКонфигурация аудиосистемы	2 динамика\r\nОперационная система	Windows 10\r\nТип аккумулятора	Li-Pol\r\nКоличество отделений аккумулятора	3\r\nОсобенности	подсветка клавиатуры\r\nГабариты	380 x 265 x 25.8 мм\r\nВес	2.4 кг\r\nЦвет крышки	черный\r\nЦвет рабочей поверхности	черный', 0, 0, 1),
(54, 'Ноутбук APPLE A1466 MacBook Air ', 1, 6353998, 29799, 1, 'Apple', '', 'Гарантия	12 мес.\r\nТип	Ультрабук\r\nКонструкция	Классическая\r\nСерия процессора	Intel Core i5\r\nКоличество ядер	2\r\nБазовая частота процессора	1.8 ГГц\r\nДиагональ дисплея	13.3 "\r\nРазрешение дисплея	1400 х 900\r\nТип матрицы	IPS\r\nПокрытие дисплея	глянцевое\r\nТип памяти	LPDDR3\r\nОбъем ОЗУ	8 Гб\r\nЧастота памяти	1600 MHz\r\nОбъем SSD диска	128 Гб\r\nТип видеокарты	интегрированная\r\nМодель видеокарты	Intel HD Graphics 6000\r\nОптический привод	отсутствует\r\nБеспроводные коммуникации	Wi-Fi; Bluetooth\r\nСтандарт Wi-Fi	IEEE 802.11 ac\r\nПорты и разъемы	Thunderbolt; карт-ридер; комбинированный аудио разъем\r\nКоличество портов USB 3.0	2 шт.\r\nВеб-камера	1 Мп (HD)\r\nКонфигурация аудиосистемы	2 динамика\r\nОперационная система	Mac OS\r\nОсобенности	подсветка клавиатуры\r\nГабариты	325 x 227 x 3 - 17 мм\r\nВес	1.35 кг\r\nЦвет крышки	серебристый\r\nЦвет рабочей поверхности	серебристый', 0, 1, 1),
(55, 'Ноутбук APPLE A1534 MacBook ', 1, 6356144, 58199, 1, 'Apple', '', 'Легкий и тонкий ноутбук Apple MacBook Pro 15" with Retina display (MJLQ2) c прекрасным 15.4-дюймовым IPS Retina дисплеем, поражает своим разрешением в 2880 x 1800 пикселей. \r\n\r\nСтильный внешний дизайн бережет в свой цельнометаллическом алюминиевом корпусе невероятную мощь, которая достигнута благодаря применению самых последних технологий. «Сердцем» выступает четырехъядерный процессор Intel Core i7-4770HQ с тактовой частотой 2.2 ГГц. В поддержку к процессору отведены 16 Гб оперативной памяти и интегрированная видеокарта Intel Iris Pro 5200. \r\n\r\nКроме того, ноутбук оснащен полноразмерной клавиатурой островного типа с автоматически подстраиваемой подсветкой, трекпадом Force Touch, который поддерживает технологию Multi-Touch и чувствителен даже к силе нажатия. \r\n\r\nНоутбук Apple MacBook Pro 15" with Retina display (MJLQ2) 2015 идет вместе с предустановленной Mac OS X Yosemite.', 0, 1, 1),
(56, 'Ноутбук APPLE A1534 MacBook ', 1, 6372410, 46999, 1, 'Apple', '', 'Эргономика и общие параметры\nЛёгкий (0.92 кг) и тонкий (280.5 x 196.5 x 13.1 мм) портативный компьютер APPLE A1534 MacBook (MNYH2UA/A) выполнен в корпусе классической конструкции. В качестве элемента питания в нём применена литий полимерная батарея ступенчатой формованной структуры. Благодаря этому аккумулятор гарантирует продолжительный период автономной работы даже в режиме активного использования. Также в вашем распоряжении будет полноразмерная клавиатура с подсветкой, что повышает комфорт набора в темноте. Применение в конструкции устройства ввода механизма «бабочка» 2-го поколения позволило повысить скорость её отклика. Задействованный в тачпаде с поддержкой Multi-Touch привод Taptic Engine даст возможность буквально осязать происходящее на дисплее. По достоинству оцените безграничный потенциал беспроводных коммуникаций с помощью интегрированных модулей Wi-Fi (стандарт IEEE 802.11 ac) и Bluetooth 4.2. Подключайте дополнительное оборудование к вашему ноутбуку посредством удобного и универсального USB 3.1 Type-C. Ультрабук работает под управлением операционной системы Mac OS Sierra.\n\nОсобенности дисплея\nНаслаждайтесь чётким, живым и насыщенным изображением на дисплее ноутбука от APPLE, в котором применена технология Retina. Его диагональ составляет 12 дюймов. Эффективность LED-подсветки повышает увеличенная апертура каждого пикселя. Экран функционирует на платформе IPS-матрицы с разрешающей способностью 2304 x 1440 пикселей. Её отличительной характеристикой являются широкие углы горизонтального и вертикального обзора (178 градусов), а также идеальная цветопередача. Всё это в сочетании с глянцевым покрытием дисплея обеспечит предельно эффективную работу за ультрабуком.\n\nТехнические характеристики\nЛэптоп APPLE A1534 MacBook (MNYH2UA/A) оснащён твердотельным накопителем ёмкостью 256 Гб. На SSD хватит места для установки большого количества необходимого программного обеспечения, а также хранения ваших личных файлов. Надлежащий уровень производительности портативного компьютера обеспечит двухъядерный центральный процессор Intel Core m3, базовая тактовая частота которого составляет 1.2 ГГц. Высокий показатель общего быстродействия гарантирует оперативная память LPDDR3 объёмом 8 Гб. За качество выводимой картинки отвечает интегрированная графическая система Intel HD Graphics 615.', 0, 0, 1);
INSERT INTO `product` (`id`, `name`, `category_id`, `code`, `price`, `availability`, `brand`, `image`, `description`, `is_new`, `is_recommended`, `status`) VALUES
(57, 'Моноблок LENOVO C20-00 ', 3, 6275879, 8999, 1, 'LENOVO', '', 'Моноблок LENOVO подходит для выполнения простых повседневных задач. Внешнее покрытие из матового черного пластика подчеркнуто строгим прямолинейным дизайном. Благодаря компактным габаритам корпуса 487 х 365 х 49 мм устройство значительно экономит место на рабочем столе. Благодаря устойчивой подставке моноблок легко устанавливается на плоскую поверхность. \r\n\r\nЗа обработку данных отвечает двухъядерный процессор Intel Celeron N3050 с номинальной частотой 1.6 ГГц. При увеличении нагрузки частота увеличивается до 2.16 ГГц, что позволит значительно повысить продуктивность. Моноблок LENOVO C20-00 (F0BB00Q1UA) имеет 4 ГБ оперативной памяти типа DDR3. Для хранения информации установлен жесткий диск объемом 500 ГБ. \r\n\r\nУдобную работу с несколькими информационными окнами обеспечит дисплей диагональю 19.5 дюймов. TN-матрица обладает быстрым откликом, а яркая LED подсветка позволит комфортно работать при искусственном освещении. Встроенная под дисплей акустическая система 2.0 с мощностью излучателей 6 Вт обеспечит качественный стереофонический звук. На верхней рамке расположена WEB-камера и микрофон для проведения конференций или онлайн общения. \r\n\r\nПравая грань моноблока LENOVO C20-00 (F0BB00Q1UA) имеет встроенный оптический привод DVD±RW для чтения и записи информации на диски. На левой грани находятся порт для наушников, порт для микрофона, картридер и 2 разъема USB 3.0. Сзади расположены 2 разъема USB 2.0, сетевой порт и 2 порта HDMI. В комплект поставки входит клавиатура и мышь.', 0, 0, 1),
(58, 'Моноблок DELL I3264 ', 3, 6368111, 17875, 1, 'DELL', '', 'Диагональ	21.5\r\nМатрица	IPS\r\nРазрешение	1920 x 1080 (Full HD)\r\nСерия процессора	Intel Pentium Dual Core\r\nМодель процессора	4415U\r\nКоличество ядер	2\r\nЧастота процессора	2.3 гГц\r\nТип памяти	DDR4\r\nОбъем ОЗУ	8 Гб\r\nЧастота памяти	2400\r\nОбъем жесткого диска HDD	1000 Гб\r\nСкорость вращения	5400 об/мин\r\nТип видеокарты	интегрированная\r\nМодель видеокарты	Intel HD Graphics 610\r\nОптический привод	DVD±RW (Super Multi)\r\nРазъемы	USB; HDMI; RJ-45 (LAN); комбинированный аудио разъем\r\nКоличество портов HDMI	1 шт\r\nКоличество портов USB 2.0	2 шт\r\nКоличество портов USB 3.0	2 шт\r\nБеспроводные коммуникации	Wi-Fi; Bluetooth\r\nДополнительные возможности	сенсорный дисплей; веб-камера; картридер\r\nОперационная система	Linux\r\nМощность блока питания	65 Вт\r\nРазмеры	526 х 347 х 33 мм\r\nЦвет	черный\r\nКомплектация	клавиатура; мышь', 0, 0, 1),
(59, 'Моноблок LENOVO 520-22 ', 3, 6357713, 12799, 1, 'LENOVO', '', 'Гарантия	12 мес.\r\nДиагональ	21.5\r\nРазрешение	1920 x 1080 (Full HD)\r\nСерия процессора	Intel Pentium Dual Core\r\nМодель процессора	4415U\r\nКоличество ядер	2\r\nЧастота процессора	2.3 гГц\r\nТип памяти	DDR4\r\nОбъем ОЗУ	4 Гб\r\nОбъем жесткого диска HDD	1000 Гб\r\nСкорость вращения	7200 об/мин\r\nТип видеокарты	интегрированная\r\nМодель видеокарты	Intel HD Graphics 610\r\nОптический привод	DVD-RW\r\nРазъемы	USB; HDMI; RJ-45 (LAN)\r\nБеспроводные коммуникации	Wi-Fi; Bluetooth\r\nДополнительные возможности	веб-камера; встроенная акустика\r\nОперационная система	DOS\r\nЦвет	черный\r\nКомплектация	клавиатура; мышь', 0, 0, 1),
(60, 'Моноблок LENOVO 520-24 ', 3, 6357711, 15999, 1, 'LENOVO', '', 'Гарантия	12 мес.\r\nДиагональ	23.8\r\nРазрешение	1920 x 1080 (Full HD)\r\nСерия процессора	Intel Core i3\r\nПоколение Intel Core	VI поколение\r\nМодель процессора	6006U\r\nКоличество ядер	2\r\nЧастота процессора	2 гГц\r\nТип памяти	DDR4\r\nОбъем ОЗУ	4 Гб\r\nОбъем жесткого диска HDD	2000 Гб\r\nСкорость вращения	7200 об/мин\r\nТип видеокарты	интегрированная\r\nМодель видеокарты	Intel HD Graphics 520\r\nОптический привод	DVD-RW\r\nРазъемы	USB; HDMI; RJ-45 (LAN)\r\nКоличество портов HDMI	2 шт\r\nБеспроводные коммуникации	Wi-Fi\r\nДополнительные возможности	веб-камера; встроенная акустика\r\nОперационная система	DOS\r\nРазмеры	541.2 x 416.38 x 57.3 мм\r\nЦвет	черный\r\nКомплектация	клавиатура; мышь', 0, 0, 1),
(61, 'Моноблок APPLE A1418 ', 3, 6356120, 37499, 1, 'APPLE', '', 'Диагональ	21.5\r\nМатрица	IPS\r\nРазрешение	1920 x 1080 (Full HD)\r\nСерия процессора	Intel Core i5\r\nКоличество ядер	2\r\nЧастота процессора	2.3 гГц\r\nТип памяти	DDR4\r\nОбъем ОЗУ	8 Гб\r\nЧастота памяти	2133\r\nОбъем жесткого диска HDD	1000 Гб\r\nСкорость вращения	5400 об/мин\r\nТип видеокарты	интегрированная\r\nМодель видеокарты	Intel Iris Plus 640\r\nОптический привод	отсутствует\r\nРазъемы	RJ-45 (LAN); наушники\r\nКоличество портов USB 3.0	4 шт\r\nКоличество портов USB 3.1 Type-C	2 шт.\r\nБеспроводные коммуникации	Wi-Fi; Bluetooth\r\nДополнительные возможности	веб-камера; картридер; встроенная акустика\r\nРазрешение веб-камеры	720р\r\nОперационная система	Mac OS\r\nРазмеры	528 х 175 x 450 мм\r\nВес	5.66 кг\r\nЦвет	серебристый\r\nКомплектация	клавиатура; мышь', 0, 0, 1),
(62, 'Моноблок ASUS ZN270IEGK', 3, 6354413, 40599, 1, 'ASUS', '', 'Премиальный дизайн и эргономика\r\nASUS ZN270IEGK-RA080T принадлежит к линейке престижных моноблоков Zen AiO, которые впечатляют своим стилем и высокой производительностью. Мощный и полнофункциональный компьютер призван стать идеальной платформой для бизнеса, творчества и развлечений. Выполненный в ультракомпактном монолитном корпусе весом 10.2 кг, он получил обрамление в кварцевом серебристом цвете. Изящная монолитная подставка обеспечит всегда удобный угол наклона дисплея для комфортной работы с любыми приложениями. Устройства взаимодействия также отличаются продуманной эргономикой. Полноразмерная клавиатура и высокочувствительная беспроводная мышка обтекаемой формы точно оптимизированы для удобной работы с текстами и даже сложной обработки графики.\r\n\r\nПревосходное изображение\r\nВ удивительно компактном корпусе заключен широкий дисплей диагональю 27 дюймов, выполненный по технологии Full High Definition. Уменьшение экранной рамки значительно облегчило ASUS Zen AiO, а также визуально расширило область просмотра. Качественная матрица TN+film с разрешением 1920 x 1080 пикселей отличается оптимальным уровнем яркости и контраста. Наслаждайтесь фильмами с безупречной четкостью или погружайтесь в игровые сражения на широком экране с эффектом полного присутствия.\r\n\r\nВпечатляющая производительность\r\nМощный чипсет моноблока обеспечит невероятную продуктивность в течение насыщенного задачами дня. Сердцем устройства выступает новейший 4-ядерный процессор Intel Core i7- 7700T с базовой частотой 2.9 ГГц и 16 Гб энергоэффективного ОЗУ типа DDR4. Ускоряют систему 256 Гб на SSD накопителе. Для хранения самой объемной коллекции фильмов и других пользовательских файлов предусмотрен 1 Тб памяти на HDD диске. За обработку графики отвечает высокопроизводительная игровая видеокарта NVIDIA GeForce 940MX с 2 Гб выделенной памяти. В целом представленная аппаратная платформа позволит с легкостью загружать требовательные компьютерные игры, редактировать фотографии или видеоролики. Даже сложный графический дизайн не составит труда для мощного ASUS Zen AiO.\r\n\r\nНовейшая Windows 10\r\nОцените все преимущества обновленной 10 версии уже привычной ОС Windows. В вашем распоряжении окажется оптимизированный интерфейс, широкий выбор приложений для работы и творчества, а также голосовой помощник Cortana. Точно анализируя ваши предпочтения, Cortana оптимизирует вашу работу, делая ее еще проще и продуктивнее. Поддержка функции Windows Hello позволит моментально осуществлять вход в систему посредством считывания черт лица. Система работает в связке с инфракрасной камерой и высокочувствительным микрофонным массивом.\r\n\r\nПолный контроль над звуком\r\nНасладитесь объемным звуком без каких-либо искажений во всем диапазоне звучания благодаря 4 динамикам Harman суммарной мощностью 12 Вт. Теперь ваши развлечения в кругу компании станут еще ярче, а просмотр фильмов – еще более впечатляющим.\r\n\r\nШирокие возможности подключения\r\nДля максимального удобства синхронизации с другими устройствами весь комплект современных интерфейсов выведен на заднюю панель моноблока. Подключайте к ASUS ноутбук, игровую консоль, акустическую панель и внешние накопители и создавайте эффективное пространство для работы и развлечений. В вашем распоряжении окажутся 2 разъема HDMI, 2 порта USB 2.0, 4 высокоскоростных универсальных USB 3.1, 2 аудиогнезда и RJ-45 (LAN).\r\n\r\nASUS ZenLink\r\nЭксклюзивное приложение ASUS ZenLink позволит молниеносно обмениваться данными между синхронизированными устройствами в домашней или внутрикорпоративной сети. Передавайте файлы, мультимедийные данные и веб-контакты на мобильные устройства или даже общайтесь в мессенджере смартфона прямо с экрана ASUS.', 0, 0, 1),
(63, 'Моноблок ASUS V221IDUK', 3, 6366366, 10399, 1, 'ASUS ', '', 'Отражение вашего стиля\r\nМоноблок от ASUS станет отличным выбором для пользователей, которые ценят в технике гармоничное сочетание стильного дизайна, современных технологий и широких функциональных возможностей. Он выполнен в элегантной золотистой расцветке, что делает его уместным как дома, так и в офисе. Корпус устройства изготовлен из качественного пластика, что позволяет свести к минимуму вероятность возникновения механических повреждений. Расположенная в нижней части компьютера эргономичная подставка обеспечивает устройству устойчивое положение, тем самым не допуская случайного опрокидывания. Габаритные размеры ASUS V221IDUK-BA051D составляют 514 x 398 x 50 мм, а вес – всего 4.7 кг.\r\n\r\nВпечатляющее качество изображения\r\nASUS V221IDUK-BA051D оснащен экраном диагональю 21.5 дюйма с разрешением 1920 x 1080 (Full HD) пикселей. Такое сочетание параметров является оптимальным для выполнения ежедневных задач по работе или учебе, так и для разнообразных мультимедийных развлечений. Задействованная в моноблоке TN+film матрица корректно передает цвета и оттенки, предоставляя вам возможность в полной мере насладиться просмотром фильмов. Кроме того, она отличается коротким периодом отклика, благодаря чему динамичные сцены будут отображаться без каких-либо размытий. Устройство оснащено веб-камерой с матрицей на 1 Мп с помощью которой вы сможете осуществлять видеозвонки и проводить онлайн конференции.\r\n\r\nОсновные характеристики\r\nМоноблок от ASUS оборудован двухъядерным процессорным устройством Intel Celeron Dual Core-J3355 с частотой 2.5 ГГц. Его вычислительной мощности вполне достаточно для выполнения простых ежедневных заданий. Быстрый запуск программ и переключение между активными окнами обеспечивают 4 Гб оперативной памяти типа DDR3. Для хранения ваших личных данных, таких как музыка, документы, видеоролики и фотографии в моноблоке предусмотрен HDD-диск объемом 500 Гб со скоростью вращения шпинделя 5400 об/мин. Интегрированная видеокарта Intel HD Graphics 500 обеспечивает оптимальный уровень производительности при запуске фильмов высокого качества. Моноблок оснащен встроенной аудиосистемой.\r\n\r\nДополнительные параметры\r\nУстановите соединение с интернетом воспользовавшись модулем Wi-Fi или разъемом RJ-45 (LAN). Для вывода потока видеоданных на сторонние мониторы и проекторы в моноблоке предусмотрен HDMI разъем. Быстро обменивайтесь разнообразными данными с другими устройствами при помощи Bluetooth и карт-ридера. Для подключения разнообразных периферийных устройств (мышки, клавиатуры, принтеры, флеш-накопители данных) в компьютере предусмотрено пять портов USB.', 0, 0, 1),
(64, 'Моноблок LENOVO IdeaCentre 310-20', 3, 6365811, 11499, 1, 'LENOVO ', '', 'Диагональ	19.5\r\nМатрица	TN+film\r\nРазрешение	1600 х 900 (WXGA++)\r\nСерия процессора	Intel Pentium Dual Core\r\nМодель процессора	J4205\r\nКоличество ядер	2\r\nЧастота процессора	1.5 гГц\r\nТип памяти	DDR3L\r\nОбъем ОЗУ	4 Гб\r\nЧастота памяти	1600\r\nОбъем жесткого диска HDD	1000 Гб\r\nСкорость вращения	5400 об/мин\r\nТип видеокарты	интегрированная\r\nМодель видеокарты	Intel HD Graphics 505\r\nОптический привод	DVD±RW (Super Multi)\r\nРазъемы	USB; HDMI; RJ-45 (LAN); комбинированный аудио разъем\r\nКоличество портов HDMI	1 шт\r\nКоличество портов USB 2.0	3 шт\r\nКоличество портов USB 3.0	1 шт\r\nБеспроводные коммуникации	Wi-Fi; Bluetooth\r\nДополнительные возможности	веб-камера; картридер; встроенная акустика\r\nРазрешение веб-камеры	1 Мп\r\nОперационная система	DOS\r\nМощность блока питания	45 Вт\r\nРазмеры	559 x 461 x 213 мм\r\nВес	6.3 кг\r\nЦвет	черный', 0, 0, 1),
(65, 'Моноблок LENOVO 510S-23ISU ', 3, 6368102, 33963, 1, 'LENOVO', '', 'Диагональ	23\r\nМатрица	IPS\r\nРазрешение	1920 x 1080 (Full HD)\r\nСерия процессора	Intel Core i5\r\nПоколение Intel Core	VII поколение\r\nМодель процессора	7200U\r\nКоличество ядер	2\r\nЧастота процессора	2.5 гГц\r\nТип памяти	DDR4\r\nОбъем ОЗУ	8 Гб\r\nЧастота памяти	2133\r\nОбъем жесткого диска HDD	1000 Гб\r\nСкорость вращения	5400 об/мин\r\nТип видеокарты	дискретная\r\nПроизводитель видеокарты	NVIDIA\r\nМодель видеокарты	GeForce GT930A\r\nОбъем видеопамяти	2 Гб\r\nОптический привод	DVD±RW (Super Multi)\r\nРазъемы	USB; HDMI; RJ-45 (LAN); комбинированный аудио разъем\r\nКоличество портов HDMI	1 шт\r\nКоличество портов USB 3.0	4 шт\r\nБеспроводные коммуникации	Wi-Fi; Bluetooth\r\nДополнительные возможности	сенсорный дисплей; веб-камера; встроенная акустика\r\nОперационная система	Windows 10\r\nМощность блока питания	90 Вт\r\nРазмеры	523 х 325 х 42 мм\r\nВес	4.4 кг\r\nЦвет	золотистый\r\nКомплектация	клавиатура; мышь', 0, 0, 1),
(66, 'Моноблок LENOVO IdeaCentre AIO 300-23ISU', 3, 6368100, 27473, 1, 'LENOVO ', '', 'Диагональ	23\r\nМатрица	IPS\r\nРазрешение	1920 x 1080 (Full HD)\r\nСерия процессора	Intel Core i5\r\nПоколение Intel Core	VII поколение\r\nМодель процессора	6200U\r\nКоличество ядер	2\r\nЧастота процессора	2.3 гГц\r\nТип памяти	DDR4\r\nОбъем ОЗУ	8 Гб\r\nЧастота памяти	2133\r\nОбъем жесткого диска HDD	1000 Гб\r\nСкорость вращения	7200 об/мин\r\nОбъем SSD диска	8 Гб\r\nТип видеокарты	дискретная\r\nПроизводитель видеокарты	NVIDIA\r\nМодель видеокарты	GeForce GT920M\r\nОбъем видеопамяти	2 Гб\r\nОптический привод	DVD±RW (Super Multi)\r\nРазъемы	USB; HDMI; RJ-45 (LAN); комбинированный аудио разъем\r\nКоличество портов HDMI	1 шт\r\nКоличество портов USB 2.0	3 шт\r\nКоличество портов USB 3.0	2 шт\r\nБеспроводные коммуникации	Wi-Fi; Bluetooth\r\nДополнительные возможности	веб-камера; встроенная акустика\r\nРазрешение веб-камеры	HD\r\nОперационная система	Windows 10\r\nМощность блока питания	120 Вт\r\nРазмеры	559.48 x 53.63 x 461.35 мм\r\nВес	6.7 кг\r\nЦвет	белый\r\nКомплектация	клавиатура; мышь', 0, 0, 1),
(67, 'Планшет SAMSUNG Galaxy Tab S2 ', 4, 6280678, 11999, 1, 'SAMSUNG ', '', 'Современный планшет SAMSUNG SM-T719N Galaxy Tab S2 8.0 LTE ZKE порадует пользователя функциональностью и безупречным дизайном. Благодаря плавно закругленным боковым граням, необычайно тонкому профилю и легкой конструкции устройство комфортно держать в руках и брать в длительные поездки. Также стоит отметить, что планшет оборудован чувствительным сканером отпечатков пальцев, который является действенным способом обеспечения безопасности устройства.\r\n\r\nМодель получила 8-дюймовый сенсорный дисплей, который построен на базе матрицы Super AMOLED с разрешением 2048 x 1536 пикселей. Широкие углы обзора и высокая плотность пикселей гарантируют качественную картинку даже в солнечные дни. Благодаря соотношению сторон 4:3 на планшете удобно читать книги, журналы и осуществлять веб-серфинг. Для оперативного выполнения поставленных задач и стабильной работы устройства в режиме многозадачности предусмотрен мощный 8-ядерный процессор Qualcomm MSM8976 Snapdragon 652 и 3 Гб ОЗУ. Внутренний накопитель объемом 32 Гб позволяет хранить большое количество фотографий, фильмов, игр и других мультимедийных приложений. Работает модель под управлением ОС Android v6.0.1 (Marshmallow). Также стоит отметить, что планшет оборудован аккумулятором ёмкостью 4000 мАч, который подарит длительное время службы в автономном режиме.', 0, 0, 1),
(68, 'Планшет Lenovo Yoga Book 10', 4, 6323016, 16999, 1, 'Lenovo ', '', 'Дисплей	10.1 "\r\nТип матрицы	IPS\r\nРазрешение, пикс	1920x1200\r\nОперационная система	Windows\r\nВерсия операционной системы	10\r\nПроцессор + видеочип	Intel Atom x5-Z8550 + Intel HD Graphics 400\r\nКоличество ядер процессора	4\r\nМаксимальная частота процессора	1.4 ГГц\r\nВстроенная память, Гб	64\r\nОперативная память, Мб	4096\r\nКарта памяти	до 128 Гб\r\nТыловая камера, Мп	8\r\nФронтальная камера, Мп	2\r\nБеспроводные коммуникации	Wi-Fi; Bluetooth; GPS\r\nРазъемы	micro-USB; аудиовыход 3.5 мм; micro-HDMI\r\nЕмкость аккумулятора	8500 мАч\r\nОсобенности	автофокус; стилус\r\nРазмер	257 x 171 x 9.6 мм\r\nВес	690 г\r\nЦвет	черный', 0, 0, 1),
(69, 'Планшет Apple iPad Air 2', 4, 6199491, 19899, 1, 'Apple ', '', 'Гарантия	12 мес.\r\nДисплей	9.7 "\r\nТип матрицы	IPS\r\nРазрешение, пикс	2048x1536\r\nОперационная система	iOS\r\nВерсия операционной системы	8.1\r\nИнтернет и связь	4G (LTE)\r\nПроцессор + видеочип	Apple A8X + PowerVR GX6650\r\nКоличество ядер процессора	3\r\nМаксимальная частота процессора	1.5 ГГц\r\nВстроенная память, Гб	64\r\nОперативная память, Мб	2048\r\nТыловая камера, Мп	8\r\nФронтальная камера, Мп	1.2\r\nБеспроводные коммуникации	Wi-Fi; Bluetooth; GPS\r\nРазъемы	аудиовыход 3.5 мм\r\nКоличество SIM-карт	отсутствует\r\nОсобенности	сканер отпечатков пальцев ; автофокус\r\nРазмер	240 x 169.5 x 6.1 мм\r\nВес	437 г\r\nДополнительные характеристики	дактилоскопический сенсор Touch ID', 0, 0, 1),
(70, 'Планшет Планшет APPLE A1823 iPad', 4, 6339399, 20299, 1, 'APPLE ', '', 'Дисплей Retina глянцевый LED дисплей 9.7'' с подсветкой, олеофобным покрытием, поддержкой мультитач, на базе технологии IPS (2048x1536) Память для хранения данных: 128 ГБ Камера 8 Mp iSight 1080p на задней панели + 1.2 Mp 720p HD video на лицевой Операцiйна система iOS 10.x Батарея Li-Pol 32,4 Вт/ч;, время работы – до 10 часов CPU мощный Dual-core Apple A9 с 64-битной архитектурой и сопроцессор движения M9 Цвет Space grey Роз''єми 3,5 мм разъем для наушников, Lightning "Связь UMTS/HSDPA/HSUPA/DC-HSDPA (850, 900, 1900, 1700/2100, 2100 МГц); GSM/EDGE (850, 900, 1800, 1900 МГц), CDMA EV-DO', 0, 0, 1),
(71, 'Планшет SAMSUNG Samsung Galaxy Tab S3', 4, 6335146, 24999, 1, 'SAMSUNG ', '', 'Дисплей	9.7 "\r\nТип матрицы	Super AMOLED\r\nРазрешение, пикс	2048x1536\r\nПикселей на дюйм	264 ppi\r\nОперационная система	Android\r\nВерсия операционной системы	7.0\r\nИнтернет и связь	2G (функции телефона); 3G; 4G (LTE)\r\nПроцессор + видеочип	Qualcomm Snapdragon 820 MSM8996 + Adreno 530\r\nКоличество ядер процессора	4\r\nМаксимальная частота процессора	2.15 ГГц\r\nВстроенная память, Гб	32\r\nОперативная память, Мб	4096\r\nКарта памяти	до 256 Гб\r\nТыловая камера, Мп	13\r\nФронтальная камера, Мп	5\r\nМаксимальное разрешение записываемого видео	2160p@30fps\r\nБеспроводные коммуникации	Wi-Fi; Bluetooth; GPS\r\nРазъемы	USB Type-C; аудиовыход 3.5 мм\r\nКоличество SIM-карт	1\r\nЕмкость аккумулятора	6000 мАч\r\nВоспроизведение видео	12 ч\r\nВоспроизведение музыки	127 ч\r\nОсобенности	сканер отпечатков пальцев ; вспышка основной камеры; автофокус; стилус\r\nРазмер	237.3 х 169 х 6 мм\r\nВес	434 г\r\nЦвет	серебристый', 0, 0, 1),
(72, 'Планшет Lenovo Tab 4 Plus ', 4, 6372865, 7209, 1, 'Lenovo ', '', 'В ритме вашего дня\r\nПолнофункциональный планшет Lenovo Tab 4 8" Plus (ZA2F0034UA) станет отличным решением для современных мобильных пользователей. Выполненный в упрочненном корпусе толщиной 7 мм и весом всего 300 г, он будет вашим надежным спутником, куда бы вы ни отправились. Практичный девайс – идеальный вариант для каждого члена семьи. Поддерживая несколько учетных записей, он позволит мгновенно авторизироваться в систему простым прикосновением к сканеру отпечатка пальцев. При этом Lenovo помнит все настройки пользователей, приложения и историю поиска, идеально подстраиваясь под ваши предпочтения.\r\n\r\nПревосходное изображение\r\nВпечатляющий 8-дюймовый сенсорный дисплей, выполненный по технологии IPS, будет идеален для игр, фильмов и интернет-серфинга. С разрешением 1920 x 1200 пикселей он погрузит вас в мир ярких красок и мельчайших деталей. Расширенные углы обзора станут залогом всегда точной цветопередачи. Экран защищен суперпрочным стеклом Corning Gorilla Glass 4, которое не боится ни грязи, ни сколов, ни механических повреждений при самом интенсивном использовании.\r\n\r\nМощный интеллект\r\nСердцем Lenovo выступает новейший 8-ядерный процессор Qualcomm Snapdragon 625 MSM8953 с базовой частотой 2.0 ГГц и 4 Гб оперативной памяти на борту. Аппаратная платформа обеспечит молниеносный запуск системы и быструю работу самых требовательных приложений. Мобильный видеочип Adreno 506 поддерживает молниеносный геймплей и даже подойдет для обработки графики. Встроенной памяти объемом 64 Гб будет более чем достаточно для хранения мультимедийного контента и установки всех необходимых приложений. При необходимости вы сможете расширить ее еще на 128 Гб за счет установки карты памяти.\r\n\r\nAndroid 7.0 Nougat\r\nВ качестве рабочей платформы на планшете установлена новейшая версия мобильной OS Android 7.0 Nougat. Оцените все преимущества работы в многооконном режиме, полноценного доступа к миру виртуальной реальности и оптимизированного интерфейса для максимального комфорта в использовании гаджета.\r\n\r\nКамеры\r\nБудьте готовы запечатлеть самые яркие моменты своего дня, используя основную камеру с сенсором 8 Мп и системой автофокуса. Фронтальный модуль 5 Мп позволит создавать яркие селфи и общаться с родными и близкими в видеочатах.\r\n\r\nСвязь и Интернет\r\nLenovo Tab 4 8" Plus (ZA2F0034UA) разработан для тех, кто привык всегда оставаться онлайн. Встроенный модуль беспроводного соединения Wi-Fi и поддержка работы в сетях 3G и 4G (LTE) откроят свободный доступ к сети Интернет из любого уголка мира. Высокочувствительная антенна GPS с точностью до метра определит местоположение планшета и обеспечит корректную работу приложений, поддерживающих функцию геолокации. Для совершения голосовых звонков предусмотрено 2 слота для SIM-карт.\r\n\r\nВысокая мобильность\r\nЗабудьте о подзарядке планшета в течение целого дня интенсивного использования. Проходите военные миссии, погружайтесь в многочасовой браузинг или занимайтесь творчеством. Аккумулятор емкостью 4850 мАч обеспечит стабильную работу Lenovo без нежелательных отключений в самый неподходящий момент.', 0, 0, 1),
(73, 'Планшет APPLE iPad 32GB Silver', 4, 6339391, 10999, 1, 'APPLE ', '', 'Яркий акцент вашего стиля\r\nЭлегантный и изысканный iPad Silver (MP2G2) объединяет в своем прочном алюминиевом корпусе яркий дизайн и широкий функционал от производителя APPLE. С компактными габаритами 240 х 169.5 х 7.5 мм весит он всего 469 г, что открывает абсолютную мобильность при использовании девайса в любых жизненных обстоятельствах. Отправляетесь ли вы в путешествие, собираетесь на деловую встречу или занимаетесь творчеством – планшет iPad удовлетворит все ваши требования.\r\n\r\nДисплей\r\nПроизводитель оснастил гаджет сочным 9.7-дюймовым дисплеем Retina на базе IPS-матрицы с разрешением 2048 х 1536 пикселей и беспрецедентной плотностью пикселей. Таким образом, пользователь получит абсолютно новый опыт от просмотра фотографий, видео-контента, серфинга в сети Интернет и прочих развлечений. Изображение впечатлит своим контрастом, реалистичностью и высокой прорисовкой деталей.\r\n\r\nМощный чипсет\r\nДля быстрой и стабильной работы iPad Silver (MP2G2) при запуске ресурсоемких приложений, игр, веб-страниц и переключении между окнами модель получила мощный 64-битный процессор APPLE A9. В качестве графического адаптера используется интегрированный видеоускоритель PowerVR GT7600. Наслаждайтесь динамичными видеоиграми, используйте интерактивные приложения, даже кадровая видеоанимация не составит особого труда при работе с iPad. Используйте несколько приложений одновременно для быстрого решения ежедневных задач. Девайс порадует высокой производительностью в течение 10 часов автономной работы.\r\n\r\nСамая совершенная операционная система\r\nВ качестве рабочей платформы на планшете установлена интуитивно понятная и безопасная ОС iOS 10. Ее интерфейс и функциональные возможности восхитят с первого знакомства. Фирменные приложения для работы, творчества и навигации сделают ваши ежедневные задачи легче, а развлечения ярче. Мало того, голосовой помощник Siri выполнит те дела, на которые у вас не осталось свободного времени. Синхронизируйте свой девайс с iPhone или Mac и выполняйте параллельно важные задачи. iOS 10 открывает полную свободу для реализации самых неожиданных идей и воплощения задач любой сложности.\r\n\r\nИдентификация пользователя Touch ID\r\nДевайс оснащен передовой технологией защиты от несанкционированного взлома Touch ID. Система позволит в одно касание мгновенно разблокировать планшет, защитить личные данные в приложениях, а также совершать покупки через Apple Pay в приложениях и на сайтах.\r\n\r\nКамеры\r\nМоментально запечатлеть лучшие мгновения вашей жизни возможно с двумя сверхчувствительными камерами. Основная камера с разрешением 8 Мп позволит создавать четкие снимки с высокой прорисовкой деталей и записывать видео в формате HD (1080p). Фронтальная HD-камера FaceTime разрешением 1.2 Мп создана для ярких селфи и осуществления видеозвонков. Запечатленные кадры можно сразу отредактировать в приложении в iMovie, «Фото» или одном из профессиональных приложений из App Store.\r\n\r\nВсегда на связи\r\niPad создан для жизни онлайн. Модуль беспроводного соединения Wi‑Fi 802.11ac предоставит открытый доступ к интернет ресурсам путем подключения к беспроводным сетям. Куда бы вы ни отправились, ваши социальные сети, новинки из мира кино и музыки и онлайновые видеоигры будут в постоянном доступе и восхитят своим невероятно быстрым запуском.', 0, 1, 1),
(74, 'Планшет PIXUS Blaze', 4, 6333604, 5999, 1, 'PIXUS ', '', 'Дисплей	10.1 "\r\nТип матрицы	IPS\r\nРазрешение, пикс	1920x1200\r\nОперационная система	Android\r\nВерсия операционной системы	5.1\r\nИнтернет и связь	2G (функции телефона); 3G\r\nПроцессор + видеочип	MediaTek MT8783 + Mali-T720\r\nКоличество ядер процессора	8\r\nМаксимальная частота процессора	1.3 ГГц\r\nВстроенная память, Гб	32\r\nОперативная память, Мб	2048\r\nКарта памяти	до 32 Гб\r\nТыловая камера, Мп	8\r\nФронтальная камера, Мп	2\r\nБеспроводные коммуникации	Wi-Fi; Bluetooth; GPS\r\nРазъемы	micro-USB; аудиовыход 3.5 мм\r\nКоличество SIM-карт	1\r\nЕмкость аккумулятора	8000 мАч\r\nОсобенности	автофокус\r\nРазмер	248 х 170 х 9 мм\r\nВес	537 г\r\nЦвет	черный', 0, 0, 1),
(75, 'Планшет HUAWEI MediaPad T3', 4, 6351480, 5999, 1, 'HUAWEI ', '', '\r\nДисплей	9.6 "\r\nТип матрицы	IPS\r\nРазрешение, пикс	1280x800\r\nПикселей на дюйм	157 ppi\r\nОперационная система	Android\r\nВерсия операционной системы	7.0\r\nИнтернет и связь	3G; 4G (LTE)\r\nПроцессор + видеочип	Qualcomm Snapdragon 425 MSM8917 + Adreno 308\r\nКоличество ядер процессора	4\r\nМаксимальная частота процессора	1.4 ГГц\r\nВстроенная память, Гб	16\r\nОперативная память, Мб	2048\r\nКарта памяти	до 128 Гб\r\nТыловая камера, Мп	5\r\nФронтальная камера, Мп	2\r\nБеспроводные коммуникации	Wi-Fi; Bluetooth; GPS\r\nРазъемы	micro-USB; аудиовыход 3.5 мм\r\nКоличество SIM-карт	2\r\nЕмкость аккумулятора	4800 мАч\r\nРазмер	229.8 x 159.8 x 8 мм\r\nВес	460 г\r\nЦвет	серый', 0, 0, 1),
(76, 'Планшет LENOVO YOGA TAB 3 850M', 4, 6248145, 7585, 1, 'LENOVO', '', 'Гарантия	12 мес.\r\nДисплей	8 "\r\nТип матрицы	IPS\r\nРазрешение, пикс	1280x800\r\nОперационная система	Android\r\nВерсия операционной системы	5.1\r\nИнтернет и связь	4G (LTE)\r\nПроцессор + видеочип	Qualcomm Snapdragon 210 MSM8909 + Adreno 304\r\nКоличество ядер процессора	4\r\nМаксимальная частота процессора	1.1 ГГц\r\nВстроенная память, Гб	16\r\nОперативная память, Мб	1024\r\nКарта памяти	до 128 Гб\r\nТыловая камера, Мп	8\r\nФронтальная камера, Мп	отсутствует\r\nБеспроводные коммуникации	Wi-Fi; Bluetooth; GPS\r\nРазъемы	micro-USB; аудиовыход 3.5 мм; mini-USB\r\nКоличество SIM-карт	1\r\nЕмкость аккумулятора	6000 мАч\r\nОсобенности	автофокус\r\nРазмер	209.8 x 145.8 x 7 мм\r\nВес	467 г\r\nЦвет	черный', 0, 0, 1),
(77, 'Планшет LENOVO TAB3 Business X70L', 4, 6301356, 8499, 1, 'LENOVO ', '', 'Стильный и современный планшет от Lenovo с хорошими функциональными возможностями. Устройство работает на базе процессора Mediatek MT8161 с графикой Mali-T720 MP2 и имеет 2 Гб ОЗУ, что позволяет стабильно быстро работать в условиях высокой нагрузки. \r\n\r\nПланшет LENOVO TAB3 Business X70L LTE Black (ZA0Y0009UA) оснащен дисплеем с диагональю 10.1 дюйма и разрешением 1920 х 1200 пикселей, который отличается широкими углами обзора и яркой, детализированной картинкой. Аудиосистема Dolby Atmos позволяют получить реалистичное и объёмное звучание. \r\n\r\nДанная модель имеет 2 камеры: основная на 5 Мп и фронтальная на 2 Мп. Коммуникационные возможности представлены поддержкой технологий Wi–Fi, Bluetooth и GPS, а также возможностью работы в 3G и 4G (LTE) сетях. \r\n\r\nАккумулятор ёмкостью 7000 мАч обеспечивает длительное время работы планшета без подзарядки.', 0, 0, 1),
(78, 'Монитор SAMSUNG LC27F591FDIXCI', 5, 6282164, 9939, 1, 'SAMSUNG ', '', 'Монитор серии 5 от SAMSUNG с изогнутым экраном и диагональю 27 дюймов. Дисплей SAMSUNG LC27F591FDIXCI изготовлен на базе матрицы VA, которая гарантирует натуральную и сочную картинку. Устройство имеет широкие углы обзора 178°/178° и обеспечивает комфортный просмотр без искажений цветов, независимо от местоположения зрителя. Панель поддерживает 16. млн. цветов и охватывает 88.4% цветового пространства RGB, sRGB – 119.3%. Монитор может быть использован в качестве средства для домашних просмотров или для офисных работ. Благодарная поддержке игрового режима монитор придется по душе любителям онлайн-ресурсов. \n\nВ устройстве реализована система подавления мерцания Flicker Free, которая снижает напряжение на глаза при длительном просмотре. Также в мониторе используется технология подавления оттенков синего – Eye Saver Mode. Монитор выполнен в современном дизайне и сможет подчеркнуть интерьер комнаты. Экран установлен на эргономичную подставку с возможностью регулировки угла наклона. Дисплей обрамлен ультратонкой рамкой, которая не отвлекает от просмотра и создает эффект парящего изображения.', 0, 1, 1);
INSERT INTO `product` (`id`, `name`, `category_id`, `code`, `price`, `availability`, `brand`, `image`, `description`, `is_new`, `is_recommended`, `status`) VALUES
(79, 'Монитор LG 23MP68VQ-P', 5, 6292981, 4999, 1, 'LG ', '', 'Гарантия	24 мес.\r\nДиагональ	23 "\r\nРазрешение	1920 x 1080 (Full HD)\r\nМатрица	IPS\r\nВремя отклика	5 мс\r\nЯркость	250 кд/м2\r\nКонтрастность	1000:1\r\nДинамическая контрастность	Mega\r\nФормат экрана	16:9\r\nГоризонтальный угол обзора	178 градусов\r\nВертикальный угол обзора	178 градусов\r\nРазмер зерна	0.2652 мм\r\nКоличество отображаемых цветов	16.7 M\r\nРегулировка положения	наклон\r\nРазъёмы	VGA (D-Sub); DVI-D; HDMI; выход для наушников\r\nЦвет	черный\r\nРазмеры с подставкой	523.9 x 186.8 x 406.1 мм\r\nРазмеры без подставки	523.9 x 91.7 x 311.7 мм\r\nВес с подставкой	3.1 кг\r\nВес без подставки	2.7 кг\r\nСтандарт VESA	75 x 75', 0, 0, 1),
(80, 'Монитор SAMSUNG 50FHI Black', 5, 6282172, 4399, 1, 'SAMSUNG ', '', 'Гарантия	24 мес.\r\nДиагональ	24 "\r\nРазрешение	1920 x 1080 (Full HD)\r\nМатрица	PLS\r\nВремя отклика	4 мс\r\nЯркость	250 кд/м2\r\nЧастота обновления	60 Гц\r\nКонтрастность	1000:1\r\nФормат экрана	16:9\r\nГоризонтальный угол обзора	178 градусов\r\nВертикальный угол обзора	178 градусов\r\nРазмер зерна	0.2715 мм\r\nКоличество отображаемых цветов	16.7 M\r\nРегулировка положения	наклон\r\nРазъёмы	VGA (D-Sub); HDMI\r\nКоличество портов HDMI	1\r\nЦвет	черный\r\nРазмеры с подставкой	547.7 x 418 x 206.5 мм\r\nРазмеры без подставки	547.7 x 320.7 x 81.7 мм\r\nВес с подставкой	3.3 кг\r\nВес без подставки	2.8 кг\r\nСтандарт VESA	75 x 75', 0, 0, 1),
(81, 'Монитор SAMSUNG S22E390HS ', 5, 6231628, 3899, 1, 'SAMSUNG ', '', 'Гарантия	24 мес.\r\nДиагональ	22 "\r\nРазрешение	1920 x 1080 (Full HD)\r\nМатрица	PLS\r\nВремя отклика	4 мс\r\nЯркость	250 кд/м2\r\nКонтрастность	1000:1\r\nФормат экрана	16:9\r\nГоризонтальный угол обзора	178 градусов\r\nВертикальный угол обзора	178 градусов\r\nРазмер зерна	0.248 мм\r\nКоличество отображаемых цветов	16.7 M\r\nРазъёмы	VGA (D-Sub); HDMI; выход для наушников\r\nЦвет	черный\r\nРазмеры с подставкой	519.06 x 391.68 x 167.46 мм\r\nВес с подставкой	4 кг', 0, 0, 1),
(82, 'Монитор SAMSUNG LS22F350FHIXCI', 5, 6282171, 4999, 1, 'SAMSUNG', '', 'Монитор от производителя SAMSUNG – это отличное сочетание элегантного дизайна и современных технологий. SAMSUNG LS22F350FHIXCI оснащен ультратонким корпусом, который держится на устойчивой круглой подставке. \r\n\r\nЭкран имеет разрешение 1920 x 1080 пикселей, которое обеспечивает высокий уровень детализации изображения, делая всё, что вы видите на дисплее, максимально реалистичным. В основе модели лежит TN-матрица, обеспечивающая широкие углы обзора: 170° в горизонтальной и 160° в вертикальной плоскостях. \r\n\r\nБлагодаря режиму Game Mode вы получите массу приятных впечатлений от игр, так как он автоматически оптимизирует параметры изображения для каждого отдельно взятого сюжета. Производитель позаботился о вашем здоровье, оснастив данную модель режимом Eye Saver Mode. Он снижает пагубное влияние голубого свечения на зрение и уменьшает нагрузку при продолжительной работе за монитором.', 0, 0, 1),
(83, 'Монитор SAMSUNG E20KB', 5, 6361293, 3599, 1, 'SAMSUNG ', '', 'Дизайн и подключение\r\nМонитор от компании SAMSUNG выполнен в лаконичной черной расцветке, которая позволяет ему гармонично сочетаться с большинством типов домашних и офисных интерьеров. Его корпус изготовлен из качественного глянцевого и матового пластика, который придает прочность конструкции, а также позволяет минимизировать вероятность возникновения царапин, трещин и сколов. Экран обрамлен тонкой рамкой, которая не отвлекает от просмотра фильмов, работы с текстовыми документами и графическими редакторами. Устройство оборудовано подставкой с прямоугольной опорой, которая обеспечивает монитору устойчивое положение и не допускает опрокидывания. Благодаря специальной конструкции вы сможете с легкостью настроить угол наклона, так как вам удобно в пределах двадцати градусов. Габариты SAMSUNG 21.5" LS22E20KBSI/CI с подставкой составляют 504.3 x 385.4 x 170 мм, а вес – всего 3.52 кг. Примененное в этой модели крепление стандарта VESA 100 x 100 позволяет установить данное устройство на стену или потолок. Прием потока видеоданных осуществляется через разъемы VGA (D-Sub) и DVI.\r\n\r\nОсновные характеристики\r\nЭта модель SAMSUNG оснащена экраном с диагональю 21.5 дюйма и разрешением 1920 x 1080 (Full HD) точек. Такое сочетание параметров является оптимальным для разнообразных мультимедийных развлечений, просмотра фильмов высокого качества, а также работы с документами. Время отклика составляет всего 5 мс, что гарантирует корректное отображение даже самых динамичных сцен в компьютерных играх и видеозаписях. Примененная в этом мониторе матрица TN+film способна воспроизводить до 16.7 миллионов цветов и оттенков. Довольно широкие углы обзора (170° по горизонтали и 160° по вертикали) гарантируют комфортный просмотр разнообразного контента вне зависимости от вашего местоположения по отношению к экрану. Параметры яркости (250 кд/м2), частоты обновления (60 Гц), а также контрастности (1000:1) находятся на оптимальном для работы с ПК уровне. Реализованный в этой модели режим Eye Saver Mode в значительной мере снижает интенсивность синего свечения, тем самым уменьшая нагрузку на глаза.', 0, 0, 1),
(84, 'Монитор ASUS MX259H ', 5, 6230387, 9479, 1, 'ASUS ', '', 'Монитор с AH-IPS матрицей\r\nСтильный монитор ASUS MX259H диагональю 25 дюймов (63.5 см) имеет AH-IPS панель. Среди ее особенностей – углы обзора 178° по вертикали и горизонтали. Это позволяет комфортно работать или смотреть фильмы в любом положении. Благодаря программной реализации технологии Trace Free переход Gray to Gray снижен до 5 мс. Поэтому на экране не появляются артефакты в виде остаточного шлейфа во время динамических сцен в видео или играх. Максимальная яркость матрицы достигает 250 кд/м². Формируется высококачественное изображение с разрешением 1920 x 1080 пикселей. В корпус монитора дополнительно встроена акустическая система с технологией SonicMaster. Она автоматически улучшает качество выводимого звука, достигая высоких показателей чистоты воспроизведения и реалистичности звучания. Система реализована в 2 динамиках диаметром 32 мм. Мощность каждого составляет 3 Вт.\r\n\r\nОсобенности\r\nДинамическая технология ASCR автоматически адаптирует уровень подсветки под выведенное изображение. Благодаря этому достигается высокий уровень контрастности в 80000000:1. Интенсивное воздействие синего излучения приводит к быстрой утомляемости глаз пользователя. Технология Low Blue Light защищает зрительный орган, фильтруя пропускаемые цвета и отсекая вредный цветовой спектр. В интерфейсе настроек можно вручную выбрать 4 режима цветовой температуры и 8 видеорежимов. Специальная виртуальная линейка ASUS QuickFit активируется нажатием горячей клавиши. Она позволит сравнить размер отображаемого на экране документа с реальным форматом. В набор линеек входят размеры документов A4 и letter, а также размеры фото 8x10, 5”x7”, 4x6, 3x5, 2x2 дюймов.\r\n\r\nДизайн и разъемы\r\nМонитор ASUS MX259H серии Designo MX удостоен награды за дизайн в конкурсе Good Design 2012. Устройство выполнено в пластиковом корпусе толщиной всего 15 мм. Ширина рамки по периметру экрана не превышает 0.8 мм. Нижняя часть корпуса и круглая ножка имеют серебристое покрытие. Стойка изготовлена из прочного прозрачного пластика. Это создает эффект парящего изображения. Благодаря подвижной конструкции монитор можно наклонять от -5° до 20°. На задней панели расположены разъемы для подключения цифровых устройств: HDMI, D-Sub и разъем 3.5 мм.', 0, 0, 1),
(85, 'Монитор DELL U2415', 5, 6258625, 10229, 1, 'DELL ', '', 'Особенностью данной модели является наличие широкого выбора подключений и гибкость в плане настройки положения дисплея. DELL U2415 (210-AEVE) обладает 2 разъемами HDMI, 1 мини-портом DisplayPort, 1 порт DisplayPort (версия 1.2), 1 выход DisplayPort, 5 принимающих портов USB 3.0, 1 передающий порт USB 3.0. Такой набор дает возможность комбинировать монитор практически со всеми существующими мультимедийными устройствами. Высота подставки регулируется в пределах 115 мм, также может изменяться угол наклона и положение в вертикальной плоскости. Крепление VESA 100х100 позволяет закрепить монитор на стене или специальном стенде. Диагональ данной модели составляет 24.1 дюйм, а разрешение - 1920 на 1200 пикселей. Время отклика равно 6 мс. IPS матрица обеспечивает предельные углы обзора и отличную цветопередачу.', 0, 0, 1),
(86, 'Монитор ASUS PA328Q', 5, 6267761, 15899, 1, 'ASUS ', '', 'Технические характеристики\r\nПрофессиональный монитор ASUS PA328Q можно использовать для создания чертежей, монтажа видео и любых работ в сфере дизайна. Большая диагональ в 32 дюйма позволяет удобно разместить на экране несколько информационных окон и приложений. Стандартное разрешение 3840 × 2160 пикселей гарантирует плавность линий и детализацию изображения. Плотность пикселей достигает 138 ppi. Монитор оснащен IPS-матрицей с максимальной яркостью 350 кд/м² и углом обзора 178°. Время перехода от серого к серому – 6 мс. Поверхность дисплея имеет матовое покрытие, которое уменьшает отблески при ярком искусственном или естественном освещении. При использовании специальной видеокарты монитор отображает до 1.07 млрд цветов.\r\n\r\nДизайн и эргономика\r\nМонитор компании ASUS получил дизайнерскую награду Red Dot Award. Тонкие черные матовые рамки и стильная красная полоса в нижней части подчеркивают индивидуальный дизайн устройства. Механические кнопки управления размещены на внутренней стороне правой грани рамки. На задней части находится большое количество вентиляционных отверстий для эффективного отвода тепла. С помощью крепления VESA 100 х 100 мм монитор можно повесить на стену. Для установки на стол используется металлическая поставка с пластиковым покрытием черного цвета. Благодаря продуманному дизайну и пружинному шарниру монитор можно легко поворачивать вокруг оси на 60°, изменять высоту установки в пределах 13 см, а также наклонять на -5° веред и + 20° назад. Для удобного чтения или серфигна в интернете можно повернуть экран на 90°.\r\n\r\nРазъемы подключения\r\nНа левой боковой грани ASUS PA328Q расположены 4 скоростных порта USB 3.0. Под крепежом подставки направлены вниз порты: HDMI 2.0 с поддержкой MHL 3.0, 2 х HDMI 2.0, DisplayPort 1.2, Mini-DisplayPort 1.2, аудиоразъем для наушников, USB 3.0 Type B для подключения к ПК.', 0, 0, 1),
(87, 'Монитор ASUS MX34VQ', 5, 6379684, 21999, 1, 'ASUS ', '', 'Диагональ	34 "\r\nРазрешение	3440 x 1440 (QHD)\r\nМатрица	VA\r\nВидимый размер дисплея	797.22 x 333.72 мм\r\nВремя отклика	4 мс\r\nЯркость	300 кд/м2\r\nКонтрастность	3000:1\r\nДинамическая контрастность	100000000:1\r\nФормат экрана	21:9\r\nГоризонтальный угол обзора	178 градусов\r\nВертикальный угол обзора	178 градусов\r\nКоличество отображаемых цветов	16.7 M\r\nОсобенности	изогнутый экран; встроенные динамики\r\nРегулировка положения	наклон\r\nРазъёмы	HDMI; DisplayPort; аудиовход\r\nКоличество портов HDMI	1\r\nКоличество портов DisplayPort	1\r\nЦвет	серебристый\r\nРазмеры с подставкой	810.6 x 456.8 x 239.7 мм\r\nРазмеры без подставки	947 x 584 x 295 мм\r\nВес с подставкой	8.4 кг\r\nСтандарт VESA	100 x 100', 0, 0, 1),
(88, 'Акустика MICROLAB H-600', 7, 5546797, 12999, 1, 'MICROLAB', '', 'Описание MICROLAB H-600\r\nДизайн и особенности\r\nАкустическая система подойдет для ежедневного прослушивания музыкальных треков, проведения корпоратива или для создания домашнего кинотеатра. Сабвуфер и сателлиты модели MICROLAB H-600 выполнены из дерева, что обеспечивает высокое качество выводимого аудиоконтента. Пользователь сможет услышать звук с глубоким басом. Двухполосные сателлиты гарантируют чистое воспроизведение высоких частот. Размеры колонок составляют 122 x 220 x 182 мм и 240 х 1000 х 200 мм, размеры сабвуфера – 310 x 340 x 267 мм.\r\n\r\nОсновные характеристики\r\nВ данной модели предусмотрено магнитное экранирование динамиков, что предотвращает появление помех. Поэтому акустическую систему можно устанавливать возле другой аппаратуры. Выходная мощность MICROLAB H-600 составляет 270 Вт. Частотный диапазон колонок – 20-20000 Гц. Модель укомплектована пультом ДУ.', 0, 0, 1),
(89, 'Акустика EDIFIER R2800 2.0', 7, 6325249, 7999, 1, 'EDIFIER ', '', 'Тип	2.0\r\nОбщая выходная мощность	140 Вт\r\nЧастотный диапазон колонок	42-20000 Гц\r\nСоотношение сигнал/шум	85 дБ\r\nДиаметр динамиков колонок	8", 4", 3/4"\r\nУправление	пульт ДУ\r\nРазмеры	25.8 х 46.3 х 32 см', 0, 0, 1),
(90, 'Акустика EDIFIER S550 Encore 540W', 7, 6325245, 13999, 1, 'EDIFIER ', '', 'Тип	5.1\r\nОбщая выходная мощность	540 Вт\r\nМощность сабвуфера	240 Вт\r\nМощность центрального канала	60 Вт\r\nМощность фронтальных колонок	60 Вт\r\nМощность тыловых колонок	60 Вт\r\nЧастотный диапазон колонок	130-20000 Гц\r\nЧастотный диапазон сабвуфера	42-140 Гц\r\nДиаметр динамиков колонок	3", 1"\r\nДиаметр динамика сабвуфера	10"\r\nУправление	пульт ДУ\r\nРазмеры колонок	116 x 203 х 160 мм\r\nРазмеры сабвуфера	367 x 397 х 489 мм\r\nРазмеры	316 x 117 х 157 см', 0, 0, 1),
(91, 'Акустика EDIFIER S530D white 145W', 7, 6325246, 7899, 1, 'EDIFIER ', '', 'Тип	2.1\r\nОбщая выходная мощность	145 Вт\r\nМощность сабвуфера	75 Вт\r\nМощность фронтальных колонок	70 Вт\r\nЧастотный диапазон колонок	150-20000 Гц\r\nЧастотный диапазон сабвуфера	20-120 Гц\r\nСоотношение сигнал/шум	85 дБ\r\nДиаметр динамиков колонок	3.5"\r\nДиаметр динамика сабвуфера	8"\r\nРазмеры колонок	116 x 203 x 160 мм\r\nРазмеры сабвуфера	274 x 309 x 468 мм\r\nВес	19 кг', 0, 0, 1),
(92, 'Акустика TRUST GXT 658 Tytan', 7, 6333515, 4999, 1, 'TRUST ', '', 'Гарантия	24 мес.\r\nТип	5.1\r\nОбщая выходная мощность	90 Вт\r\nМощность сабвуфера	30 Вт\r\nМощность центрального канала	20 Вт\r\nМощность фронтальных колонок	20 Вт\r\nМощность тыловых колонок	20 Вт\r\nЧастотный диапазон колонок	20000-200000 / 8000-200000 Гц\r\nЧастотный диапазон сабвуфера	60-250 Гц\r\nДиаметр динамика сабвуфера	6.5"\r\nУправление	регулятор громкости; пульт ДУ\r\nПитание	сеть\r\nРазмеры колонок	206.5 x 99.5 x 100 / 105 x 260 x 98 мм\r\nРазмеры сабвуфера	252.5 x 252 x 268 мм\r\nВес	6.16 кг', 0, 0, 1),
(93, 'Акустика EDIFIER S350DB black', 7, 6349263, 7445, 1, 'EDIFIER ', '', 'Тип	2.1\r\nОбщая выходная мощность	150 Вт\r\nМощность колонок	80 Вт\r\nМощность сабвуфера	70 Вт\r\nЧастотный диапазон	30-20000 Гц\r\nУправление	регулятор громкости; регулятор низких частот; пульт ДУ; регулятор высоких частот\r\nПитание	сеть\r\nРазмеры колонок	127 х 56 х 217 мм\r\nРазмеры сабвуфера	265 х 312 х 289 мм\r\nВес	17.4 кг', 0, 0, 1),
(94, 'Акустика EDIFIER S530D 2.1', 7, 5799760, 7495, 1, 'EDIFIER ', '', 'Гарантия	12 мес.\r\nТип	2.1\r\nОбщая выходная мощность	140 Вт\r\nМощность сабвуфера	75 Вт\r\nСоотношение сигнал/шум	85 дБ\r\nРазмеры колонок	116*203*160 мм\r\nРазмеры сабвуфера	274*309*468 мм\r\nВес	20.7 кг', 0, 0, 1),
(95, 'Акустика F&D T-60X Black', 7, 6268943, 6499, 1, 'F&D ', '', 'Внешний вид и управление \r\nПредставленная мультимедийная акустика от компании F&D выполнена в чёрном цвете. Её корпус изготовлен из MDF. Передняя панель и выходы фазоинвертора декорированы вставками из глянцевого пластика. Данные напольные колонки отлично подойдут для использования в с домашним кинотеатром. Управление устройством интуитивно понятное и осуществляется с помощью специальных клавиш или пульта ДУ. В своём сегменте мультимедийная акустика F&D T-60X Black имеет относительно небольшие габариты (80 x 16.5 x 31 см) и вес (18.5 кг). Данные о проигрываемых композициях, FM-станции, а также другая необходимая информация отображается на специальном LED-дисплее.\r\n\r\nОсновные характеристики\r\nСуммарная мощность мультимедийной акустики от компании F&D составляет 110 Вт. Частотный диапазон работы - 20-20000 Гц. Данное устройство оснащено FM-тюнером. В качестве источника звука может использоваться USB-накопитель. Акустика поддерживает форматы WMA и MP3. Благодаря встроенному модулю Bluetooth 4.0 можно прослушивать композиции со всех совместимых устройств. Также пользователю доступны два аудиовхода для микрофона. Соотношение сигнал/шум при перекрёстных помехах 45 дБ не превышает 70 дБ. Диаметр динамиков широкополосных частот составляет 4 дюйма, высоких – 1, а низких – 8.', 0, 0, 1),
(96, 'Акустика EDIFIER C6XD', 7, 6325265, 5399, 1, 'EDIFIER ', '', 'Тип	5.1\r\nОбщая выходная мощность	80 Вт\r\nМощность сабвуфера	38 Вт\r\nМощность фронтальных колонок	8 Вт\r\nМощность тыловых колонок	40 Вт\r\nЧастотный диапазон	55 - 18000 Гц\r\nСоотношение сигнал/шум	85 дБ\r\nРазмеры колонок	130 х 90 х 180 мм\r\nРазмеры сабвуфера	288 х 232 х 242 мм\r\nВес	12.6 кг', 0, 0, 1),
(97, 'Акустика  MICROLAB SOLO 7C', 7, 6325265, 5399, 1, 'MICROLAB ', '', 'Компактная акустическая система с детальным и чистым звучанием во всем частотном диапазоне, удобная в управлении. MICROLAB SOLO 7 имеет отдельный басовый динамик, который помещен в отдельную низкочастотную секцию, изолированную от средне и высокочастотного динамика для минимизации возможного влияния. Уникальность данного динамика состоит в низкой резонансной частоте, что, вкупе с легким и жестким полипропиленовым диффузором позволяет создать достаточно низкий, упругий и быстрый бас.Гарантия	12 мес.\r\nТип	2.0\r\nОбщая выходная мощность	110 Вт\r\nЧастотный диапазон колонок	55-31000 Гц\r\nСоотношение сигнал/шум	85 дБ\r\nДиаметр динамиков колонок	6,5" х 2 + 1"\r\nУправление	регулятор громкости; пульт ДУ\r\nПитание	сеть\r\nРазмеры колонок	220 x 325 x 558 мм\r\nВес	22.4 кг', 0, 0, 1),
(98, 'Наушники SENNHEISER RS 175', 8, 6240651, 8715, 1, 'SENNHEISER ', '', 'Беспроводные Hi-Fi наушники работают в сочетании с передатчиком. SENNHEISER RS 175 обладают радиусом действия до 100 метров и станут настоящей находкой для использования на студии. Широкий частотный диапазон обеспечит вам невероятно качественное звучание басов. Они способны проработать до 18 часов без подзарядки.Гарантия	24 мес.\r\nКонструкция	полноразмерные (полный обхват уха)\r\nАкустическое оформление	закрытые\r\nКрепление	дуга (над головой)\r\nОсобенности	регулятор громкости\r\nЧастотный диапазон	17-22000 Гц\r\nЧувствительность	114 дБ\r\nДальность сигнала	100 м\r\nВес	310 г', 0, 0, 1),
(99, 'Наушники APPLE AirPods', 8, 6322535, 6199, 1, 'APPLE ', '', 'Гарантия	12 мес.\r\nКонструкция	вкладыши (в ушную раковину)\r\nПодключение	беспроводное\r\nКрепление	без крепления\r\nВремя работы	5 ч\r\nЦвет	белый', 1, 0, 1),
(100, 'Наушники Sennheiser MOMENTUM M2', 8, 6240512, 11165, 1, 'Sennheiser', '', 'Гарантия	24 мес.\r\nКонструкция	накладные (накладываются на ухо)\r\nАкустическое оформление	закрытые\r\nКрепление	дуга (над головой)\r\nОсобенности	регулятор громкости\r\nЧастотный диапазон	16 - 22000 Гц\r\nЧувствительность	113 дБ\r\nСопротивление	18 Ом\r\nДлина шнура	1.4 м', 0, 1, 1),
(101, 'Наушники BEATS Solo 2 Wireless White', 8, 6250492, 6225, 1, 'BEATS ', '', 'Беспроводные наушники с высоким качеством звучания и приятным оригинальным дизайном с глянцевым покрытием. Beats Solo 2 Wireless имеют эргономичная форму и расположение чашек, а также возможность настройки угла поворота, что обеспечивает идеальную посадку. Мягкое оголовье имеет регулировку по высоте. Качественный материал исполнения амбушюр обеспечивает хорошую звукоизоляцию и отвод лишнего тепла. Складная конструкция позволяет без проблем перевозить наушники. Встроенный аккумулятор способен обеспечить до 12 часов беспрерывного прослушивания музыки. После его разрядки можно подключить кабель и продолжить наслаждать любимой музыкой. Панель управления на чаше наушника позволит управлять воспроизведением музыки не касаясь устройства. Индикатор оповестит про необходимость зарядки, для которой используется порт Micro-USB.', 1, 0, 1),
(102, 'Наушники SENNHEISER HD 569 ', 8, 6313901, 6265, 1, 'SENNHEISER ', '', 'Эргономичная форма\r\nНаушники SENNHEISER HD 569 (506829) изготовлены из качественного пластика, а покрытие охватывающих амбушюров и дужки не вызываю дискомфорта при долгом прослушивании. Полноразмерные чашечки закрытого типа приглушают внешние звуки и позволяют по-новому насладиться старыми композициями. Съемный шнур длиной 3 м увеличивает практичность устройства.\r\n\r\nОтличное звучание\r\nЗаводская калибровка от SENNHEISER позволяет достигнуть абсолютной точности. Динамики наушников SENNHEISER HD 569 (506829) поддерживают диапазон частот 10 - 28 000 Гц, что делает звучание полным и сбалансированным. Сопротивление 32 Ом обеспечивает качество и громкость звука, даже при использовании с мобильными гаджетами.', 0, 0, 1),
(103, 'Наушники MONSTER CABLE Inspiration Active', 8, 6043450, 6299, 1, 'MONSTER CABLE', '', 'Накладные наушники совмещают в себе неповторимый стиль и качественное звучание. Модель MONSTER CABLE Inspiration Active Over-Ear оснащена удобными, мягкими амбушюрами, которые плотно прилегают к голове. Изогнутая форма и накладки обеспечат максимальный комфорт при прослушивании музыки.\r\nБлагодаря новейшим технологиям и закрытому типу, наушники передают звук без искажений при любом уровне громкости. Дополнительно устройство имеет встроенный микрофон для использования наушников в качестве гарнитуры. С функциональным пультом ControlTalk вы сможете отвечать на звонки, управлять музыкой и контролировать громкость. Модель имеет разъем 3.5 мм, а это значит, что она подходят к большинству устройств.', 0, 0, 1),
(104, 'Наушники PANASONIC RP-DJ1215E-S', 8, 6062026, 5999, 1, 'PANASONIC ', '', 'Гарантия	12 мес.\r\nКонструкция	накладные (накладываются на ухо)\r\nАкустическое оформление	закрытые\r\nКрепление	дуга (над головой)\r\nОсобенности	адаптер на 6.3 мм\r\nЧастотный диапазон	5 - 30000 Гц\r\nМаксимальная входная мощность	1500 мВт\r\nЧувствительность	106 дБ\r\nСопротивление	32 Ом\r\nДиаметр динамика	41 мм\r\nДлина шнура	3 м\r\nТип магнита	неодимовый\r\nВес	230 г', 0, 1, 1),
(105, 'Наушники PANASONIC CD-15E', 8, 6068786, 6505, 1, 'PANASONIC ', '', 'Наушники изготовлены из качественного пластика, а покрытие охватывающих амбушюров и дужки не вызываю дискомфорта при долгом прослушивании. Полноразмерные чашечки закрытого типа приглушают внешние звуки и позволяют по-новому насладиться старыми композициями. Съемный шнур длиной 3 м увеличивает практичность устройства.', 0, 0, 1),
(106, 'Наушники PANASONIC RP-HD6MGC-K', 8, 6329924, 2509, 1, 'PANASONIC', '', 'Гарантия	12 мес.\r\nКонструкция	накладные (накладываются на ухо)\r\nПодключение	проводное\r\nКрепление	дуга (над головой)\r\nДиаметр мембраны	40 мм\r\nМощность	1000 мВт\r\nЧувствительность наушника	99 дБ\r\nЧастотный диапазон наушника	4-40000 Гц\r\nТип магнита	неодимовый\r\nОтделка контактов	золото\r\nШтекер	3.5 мм\r\nФорма штекера	L-образный\r\nДлина кабеля	1.2 м\r\nЦвет	черный\r\nВес	240 г\r\nЗаводская калибровка позволяет достигнуть абсолютной точности. Динамики наушников  поддерживают диапазон частот 10 - 28 000 Гц, что делает звучание полным и сбалансированным. Сопротивление 32 Ом обеспечивает качество и громкость звука, даже при использовании с мобильными гаджетами.', 0, 0, 1),
(107, 'Клавиатура ASUS ROG Claymore CORE USB MX', 6, 6486224, 1905, 1, 'ASUS ', '', 'Геймерская клавиатура выполнена в классической черной расцветке, что позволяет ей гармонично дополнить ваше рабочее место. Ее корпус изготовлен из высококачественного пластика, который придает прочность конструкции. Она подключается к персональному компьютеру через порт USB.BlackWidow Ultimate CHROMA V2 оснащена мягкой подставкой для запястья, которая обеспечивает комфортный гейминг даже в самых сложных игровых марафонах. Она имеет специальное магнитное крепление, которое не допускает ее непроизвольного перемещения во время игры. Размеры этой клавиатуры составляют 484 х 181 х 42 мм.\n\nОсобенности модели\nЭта модель оснащена разработанными специально для игр переключателями Razer Mechanical. Они могут похвастаться оптимальным сочетанием скорости срабатывания и сброса. Они имеют четкий тактильный отклик и фактически не издают звука при нажатии. С их помощью вы сможете быстрее и точнее реагировать на самые разнообразные игровые ситуации, что дает вам преимущество перед противником. Примененная в этой клавиатуре система Anti-ghosting обеспечивает точное срабатывание до десяти клавиш. Кроме того, вы можете запрограммировать любые клавиши под свои нужны. С левой стороны расположены пять макро-клавиш, которые обеспечивают быстрый доступ к основным командам. Вы можете включить Alt + Tab и Alt + F4 игровой режим, в котором вы можете полностью исключить вероятность срабатывания клавиши Windows.\n\nПодсветка\nКлавиатура BlackWidow Ultimate CHROMA V2 может похвастаться наличием яркой разноцветной подсветки. Она поддерживает до 16.8 миллионов цветов. Вы можете самостоятельно устанавливать разнообразные цветовые схемы с помощью специального приложения Razer Synapse. Кроме того, вы можете применять уже готовые схемы эффектов по отдельности для каждой игры или для целого жанра.', 0, 0, 1),
(108, 'Компьютерная мышь RAZER V22', 6, 6357489, 1785, 1, 'RAZER', '', 'Гарантия	24 мес.\r\nТип подключения	проводное\r\nПроводное подключение	USB\r\nТип сенсора	оптический\r\nРазрешение сенсора	5000 dpi\r\nКоличество кнопок	4\r\nРадиус действия/длина кабеля	1.8 м\r\nФункции и особенности	левосторонний хват; подсветка\r\nРазмеры	117 x 64 x 38 мм\r\nВес	111 г', 1, 0, 1),
(109, 'Клавиатура APPLE Magic Keyboard ', 6, 6254921, 2985, 1, 'APPLE', '', 'Геймерская клавиатура выполнена в классической черной расцветке, что позволяет ей гармонично дополнить ваше рабочее место. Ее корпус изготовлен из высококачественного пластика, который придает прочность конструкции. Она подключается к персональному компьютеру через порт USB.BlackWidow Ultimate CHROMA V2 оснащена мягкой подставкой для запястья, которая обеспечивает комфортный гейминг даже в самых сложных игровых марафонах. Она имеет специальное магнитное крепление, которое не допускает ее непроизвольного перемещения во время игры. Размеры этой клавиатуры составляют 484 х 181 х 42 мм.\n\nОсобенности модели\nЭта модель оснащена разработанными специально для игр переключателями Razer Mechanical. Они могут похвастаться оптимальным сочетанием скорости срабатывания и сброса. Они имеют четкий тактильный отклик и фактически не издают звука при нажатии. С их помощью вы сможете быстрее и точнее реагировать на самые разнообразные игровые ситуации, что дает вам преимущество перед противником. Примененная в этой клавиатуре система Anti-ghosting обеспечивает точное срабатывание до десяти клавиш. Кроме того, вы можете запрограммировать любые клавиши под свои нужны. С левой стороны расположены пять макро-клавиш, которые обеспечивают быстрый доступ к основным командам. Вы можете включить Alt + Tab и Alt + F4 игровой режим, в котором вы можете полностью исключить вероятность срабатывания клавиши Windows.\n\nПодсветка\nКлавиатура BlackWidow Ultimate CHROMA V2 может похвастаться наличием яркой разноцветной подсветки. Она поддерживает до 16.8 миллионов цветов. Вы можете самостоятельно устанавливать разнообразные цветовые схемы с помощью специального приложения Razer Synapse. Кроме того, вы можете применять уже готовые схемы эффектов по отдельности для каждой игры или для целого жанра.', 1, 0, 1),
(110, 'Компьютерная мышь RAZER Abyssus V2', 6, 6328886, 905, 1, 'RAZER', '', 'Гарантия	24 мес.\r\nТип подключения	проводное\r\nПроводное подключение	USB\r\nТип сенсора	оптический\r\nРазрешение сенсора	5000 dpi\r\nКоличество кнопок	4\r\nРадиус действия/длина кабеля	1.8 м\r\nФункции и особенности	левосторонний хват; подсветка\r\nРазмеры	117 x 64 x 38 мм\r\nВес	111 г', 0, 0, 1),
(111, 'Клавиатура ASUS ROG Claymore CORE USB MX Cherry', 6, 6329945, 1455, 1, 'ASUS', '', 'Геймерская клавиатура выполнена в классической черной расцветке, что позволяет ей гармонично дополнить ваше рабочее место. Ее корпус изготовлен из высококачественного пластика, который придает прочность конструкции. Она подключается к персональному компьютеру через порт USB.BlackWidow Ultimate CHROMA V2 оснащена мягкой подставкой для запястья, которая обеспечивает комфортный гейминг даже в самых сложных игровых марафонах. Она имеет специальное магнитное крепление, которое не допускает ее непроизвольного перемещения во время игры. Размеры этой клавиатуры составляют 484 х 181 х 42 мм.\n\nОсобенности модели\nЭта модель оснащена разработанными специально для игр переключателями Razer Mechanical. Они могут похвастаться оптимальным сочетанием скорости срабатывания и сброса. Они имеют четкий тактильный отклик и фактически не издают звука при нажатии. С их помощью вы сможете быстрее и точнее реагировать на самые разнообразные игровые ситуации, что дает вам преимущество перед противником. Примененная в этой клавиатуре система Anti-ghosting обеспечивает точное срабатывание до десяти клавиш. Кроме того, вы можете запрограммировать любые клавиши под свои нужны. С левой стороны расположены пять макро-клавиш, которые обеспечивают быстрый доступ к основным командам. Вы можете включить Alt + Tab и Alt + F4 игровой режим, в котором вы можете полностью исключить вероятность срабатывания клавиши Windows.\n\nПодсветка\nКлавиатура BlackWidow Ultimate CHROMA V2 может похвастаться наличием яркой разноцветной подсветки. Она поддерживает до 16.8 миллионов цветов. Вы можете самостоятельно устанавливать разнообразные цветовые схемы с помощью специального приложения Razer Synapse. Кроме того, вы можете применять уже готовые схемы эффектов по отдельности для каждой игры или для целого жанра.', 0, 0, 1);
INSERT INTO `product` (`id`, `name`, `category_id`, `code`, `price`, `availability`, `brand`, `image`, `description`, `is_new`, `is_recommended`, `status`) VALUES
(112, 'Клавиатура STEELSERIES APEX M750 QX2', 6, 6374129, 2225, 1, 'STEELSERIES', '', 'Геймерская клавиатура выполнена в классической черной расцветке, что позволяет ей гармонично дополнить ваше рабочее место. Ее корпус изготовлен из высококачественного пластика, который придает прочность конструкции. Она подключается к персональному компьютеру через порт USB.BlackWidow Ultimate CHROMA V2 оснащена мягкой подставкой для запястья, которая обеспечивает комфортный гейминг даже в самых сложных игровых марафонах. Она имеет специальное магнитное крепление, которое не допускает ее непроизвольного перемещения во время игры. Размеры этой клавиатуры составляют 484 х 181 х 42 мм.\n\nОсобенности модели\nЭта модель оснащена разработанными специально для игр переключателями Razer Mechanical. Они могут похвастаться оптимальным сочетанием скорости срабатывания и сброса. Они имеют четкий тактильный отклик и фактически не издают звука при нажатии. С их помощью вы сможете быстрее и точнее реагировать на самые разнообразные игровые ситуации, что дает вам преимущество перед противником. Примененная в этой клавиатуре система Anti-ghosting обеспечивает точное срабатывание до десяти клавиш. Кроме того, вы можете запрограммировать любые клавиши под свои нужны. С левой стороны расположены пять макро-клавиш, которые обеспечивают быстрый доступ к основным командам. Вы можете включить Alt + Tab и Alt + F4 игровой режим, в котором вы можете полностью исключить вероятность срабатывания клавиши Windows.\n\nПодсветка\nКлавиатура BlackWidow Ultimate CHROMA V2 может похвастаться наличием яркой разноцветной подсветки. Она поддерживает до 16.8 миллионов цветов. Вы можете самостоятельно устанавливать разнообразные цветовые схемы с помощью специального приложения Razer Synapse. Кроме того, вы можете применять уже готовые схемы эффектов по отдельности для каждой игры или для целого жанра.', 0, 0, 1),
(113, 'Компьютерная мышь MIONIX NAOS-3200', 6, 6316633, 899, 1, 'MIONIX ', '', 'Тип подключения	проводное\r\nПроводное подключение	USB\r\nТип сенсора	оптический\r\nРазрешение сенсора	5000 dpi\r\nКоличество кнопок	4\r\nРадиус действия/длина кабеля	1.8 м\r\nФункции и особенности	левосторонний хват; подсветка\r\nРазмеры	117 x 64 x 38 мм\r\nВес	111 г', 0, 0, 1),
(114, 'Клавиатура LOGITECH Wireless K800', 6, 6316731, 779, 1, 'LOGITECH ', '', 'Клавиши с яркой и комфортной подсветкой обеспечивают удобство работы даже в полной темноте. Подсвечиваются только символы, позволяя сосредоточиться только на нужных элементах, не отвлекаясь на остальное. Яркость подсветки автоматически подстраивается в зависимости от окружающего освещения. Кроме того, с помощью клавиш подсветку можно отрегулировать вручную. С помощью датчиков обнаруживается момент приближения рук к клавиатуре для автоматического включения подсветки. Система клавиш PerfectStroke позволяет равномерно распределить усилие нажатия по всей поверхности клавиши, делая каждое нажатие комфортным, плавным и практически бесшумным.', 0, 0, 1),
(115, 'Компьютерная мышь STEELSERIES Rival 100', 6, 6316178, 864, 1, 'STEELSERIES', '', 'Тип подключения	проводное\r\nПроводное подключение	USB\r\nТип сенсора	оптический\r\nРазрешение сенсора	5000 dpi\r\nКоличество кнопок	4\r\nРадиус действия/длина кабеля	1.8 м\r\nФункции и особенности	левосторонний хват; подсветка\r\nРазмеры	117 x 64 x 38 мм\r\nВес	111 г', 0, 0, 1),
(116, 'Клавиатура RAZER Mercury Edition', 6, 6316755, 2009, 1, 'RAZER ', '', 'Клавиши с яркой и комфортной подсветкой обеспечивают удобство работы даже в полной темноте. Подсвечиваются только символы, позволяя сосредоточиться только на нужных элементах, не отвлекаясь на остальное. Яркость подсветки автоматически подстраивается в зависимости от окружающего освещения. Кроме того, с помощью клавиш подсветку можно отрегулировать вручную. С помощью датчиков обнаруживается момент приближения рук к клавиатуре для автоматического включения подсветки. Система клавиш PerfectStroke позволяет равномерно распределить усилие нажатия по всей поверхности клавиши, делая каждое нажатие комфортным, плавным и практически бесшумным.', 0, 0, 1),
(117, 'Компьютерная мышь STEELSERIES Rival 100', 6, 6316738, 899, 1, 'STEELSERIES', '', 'Тип подключения	проводное\r\nПроводное подключение	USB\r\nТип сенсора	оптический\r\nРазрешение сенсора	5000 dpi\r\nКоличество кнопок	4\r\nРадиус действия/длина кабеля	1.8 м\r\nФункции и особенности	левосторонний хват; подсветка\r\nРазмеры	117 x 64 x 38 мм\r\nВес	111 г', 0, 0, 1),
(118, 'Web-камера STEELSERIES A10 Black', 9, 5745089, 472, 1, 'GEMIX', '', 'Гарантия	12 мес.\r\nРазрешение видеосъемки, пикселей	640 x 480\r\nЧастота кадров	30 кадр/сек\r\nСпособ фокусировки	ручная\r\nРазрешение матрицы	1.3 Мп\r\nОснащение	микрофон; кнопка спуска затвора\r\nОсобенности	отслеживание лица; вращение на 360°\r\nРазмещение	на столе; на мониторе; на ноутбуке\r\nИнтерфейс	USB 2.0', 0, 0, 1),
(119, 'Web-камера STEELSERIES F9 w/m white', 9, 5809795, 351, 1, 'GEMIX ', '', 'Гарантия	12 мес.\r\nРазрешение видеосъемки, пикселей	640 x 480\r\nЧастота кадров	30 кадр/сек\r\nСпособ фокусировки	ручная\r\nРазрешение матрицы	1.3 Мп\r\nОснащение	микрофон; кнопка спуска затвора\r\nОсобенности	отслеживание лица; вращение на 360°\r\nРазмещение	на столе; на мониторе; на ноутбуке\r\nИнтерфейс	USB 2.0', 0, 0, 1),
(121, 'Системный блок HP OMEN 870-071ur', 2, 6311723, 22999, 1, 'HP ', '', 'Intel Core i7-7700 (3.6 - 4.2 ГГц) / RAM 32 ГБ / HDD 2 ТБ + SSD 250 ГБ / nVidia GeForce GTX 1070, 8 ГБ / DVD-RW / LAN / Wi-Fi / кардридер / без ОС', 1, 0, 1),
(122, 'Системный блок Lenovo IdeaCentre 510-15IKL ', 2, 6378928, 18075, 1, 'Lenovo ', '', 'Intel Core i3-7100 (3.9 ГГц) / RAM 8 ГБ / HDD 1 ТБ / nVidia GeForce GTX1050Ti, 4 ГБ / DVD±RW / LAN / без ОС', 1, 0, 1),
(123, 'Системный блок Dell 3667-0789', 2, 6397735, 43499, 1, 'Dell ', '', 'Intel Core i7-8700K (3.7 - 4.7 ГГц) / RAM 32 ГБ / HDD 2 TБ + SSD 250 ГБ / nVIdia GeForce GTX 1080 Ti, 11 ГБ / без ОД / LAN / без ОС', 1, 0, 1),
(124, 'Монитор SAMSUNG F591FDI', 5, 6287469, 8299, 1, 'SAMSUNG ', '', 'Монитор серии 5 от SAMSUNG с изогнутым экраном и диагональю 27 дюймов. Дисплей SAMSUNG LC27F591FDIXCI изготовлен на базе матрицы VA, которая гарантирует натуральную и сочную картинку. Устройство имеет широкие углы обзора 178°/178° и обеспечивает комфортный просмотр без искажений цветов, независимо от местоположения зрителя. Панель поддерживает 16. млн. цветов и охватывает 88.4% цветового пространства RGB, sRGB – 119.3%. Монитор может быть использован в качестве средства для домашних просмотров или для офисных работ. Благодарная поддержке игрового режима монитор придется по душе любителям онлайн-ресурсов. \r\n\r\nВ устройстве реализована система подавления мерцания Flicker Free, которая снижает напряжение на глаза при длительном просмотре. Также в мониторе используется технология подавления оттенков синего – Eye Saver Mode. Монитор выполнен в современном дизайне и сможет подчеркнуть интерьер комнаты. Экран установлен на эргономичную подставку с возможностью регулировки угла наклона. Дисплей обрамлен ультратонкой рамкой, которая не отвлекает от просмотра и создает эффект парящего изображения.', 1, 0, 1),
(125, 'Ноутбук Asus X324MA', 1, 2343855, 19455, 1, 'Asus', '', 'Ноутбук с широким функционалом\r\nНоутбук из модельного ряда Asus X324MA обладает производительностью, которой будет достаточно для выполнения задач по бизнесу или учебе, а также для работы с мультимедийными файлами. Устройство оснащено ярким экраном диагональю 17.3 дюйма, на котором вам будет удобно работать с браузером, текстовыми программами, а также смотреть фильмы и фотографии. Разрешающая способность дисплея составляет 1600 х 900 точек.\r\n\r\nПроизводительность и объем памяти\r\nМодель Asus X324MA функционирует на базе двухъядерно процессорного устройства Intel Core i3 модели 6006U, номинальная тактовая частота которого составляет 2.0 ГГц. Оперативное запоминающее устройство с объемом памяти 4 Гб обеспечит быстродействие операционной системы и мгновенный отклик программ в многозадачном режиме. На жестком диске емкостью 1Тб вы сможете хранить большое количество программ, личных файлов, включая фото, видео, игры и многое другое.\r\n\r\nВидеоадаптер\r\nЗа качественную обработку и вывод графического изображения отвечает дискретная видеокарта NVIDIA GeForce GT940MX. Она обеспечивает высокий уровень производительности в современных играх и требовательных программах. Объем выделенной видеопамяти составляет 2 Гб. Так вы сможете эффективно обрабатывать фотографии в графических редакторах, заниматься 3D-моделированием и т.д. Графическая система поддерживает целый ряд инновационных технологий: GPU Boost 2.0, Optimus, PhysX, CUDA и GeForce Experience.\r\n\r\nВозможности подключения\r\nДля обмена данными с другими мультимедийными устройствами модель оснащена модулями Wi-FiIEEE 802.11 a/b/g/n/ac и Bluetooth. Получить доступ к сети интернет можно также при подключении сетевой карты LAN 10/100/1000 Мбит/с. Наличие интерфейсов USB 2.0 и USB 3.0 позволит просматривать мультимедийный контент со флеш-накопителей и внешних жестких дисков. Также ноутбук оборудован портом USB 3.1 Type-C с пропускной способностью 10 Гбит/с.\r\n\r\nДополнительные особенности\r\nМодель Asus X324MA оснащена веб-камерой, обеспечивающей яркое и детализированное изображение. С её помощью вы установите качественную видеосвязь для общения в специализированных программах с эффектом полного присутствия. Устройство поставляется с предустановленной операционной системой Linux.', 1, 0, 1),
(126, 'Ноутбук ASUS E5-576G', 1, 6372410, 23999, 1, 'ASUS ', '', 'Все, что нужно для комфорта\r\nASUS E5-576G получил надежное внутреннее оснащение, обеспечивающее стабильную работу ноутбука при решении простых повседневных задач. Высокая производительность и надежный аккумулятор помогают создать все условия, необходимые для комфортной работы и проведения досуга. Коротайте вечера за просмотром любимого фильма с экрана диагональю 17.3 дюйма. Наслаждайтесь четким изображением с превосходной детализацией благодаря разрешению 1600 х 900 пикселей. На поверхность дисплея нанесено антибликовое покрытие. Оно препятствует появлению бликов и мерцания – теперь ничто не помешает работе за ПК в погожий, солнечный день.\r\n\r\nВысокая вычислительная мощность\r\nHP оснащен двухъядерным процессором седьмого поколения Intel Core i5-7200U с базовой частотой 2.5 ГГц. Оперативное запоминающее устройство объемом 8 Гб отвечает за быстродействие системы и скорость запуска программ. Для установки программ и хранения большого количества медиаконтента используется жесткий диск емкостью 1000 Гб. В ноутбуке используется дискретная видеокарта AMD Radeon 520 с объемом видеопамяти 2 Гб. Сетевой адаптер LAN 10/100/1000 Мбит/с обеспечивает подключение к интернету, а Wi-Fi-доступ к беспроводной сети. Чтобы установить связь с дополнительными устройствами воспользуйтесь интерфейсами HDMI , карт-ридер ом, комбинированным аудио разъемом, тремя USB-портами.\r\n\r\nЭргономичный и компактный\r\nASUS E5-576G получил до мелочей продуманную конструкцию как внутри, так и снаружи. Он оснащен экраном с большими углами обзора и диагональю 17.3 дюйма (43.9 см). Особенностью Laptop 17 стали оригинальные узоры, необычные текстуры и хромированное шарнирное соединение. Устройство обладает размерами 415 x 278 x 24.6 мм, и легко поместится в рюкзаке или сумке.\r\n\r\nОставайтесь на связи\r\nМощный литий-ионный аккумулятор обеспечит долговременный заряд ноутбука. Всегда оставайтесь на связи с родными и друзьями благодаря встроенной веб-камере. Общайтесь по видеосвязи Skype. Наслаждайтесь приятным общением с помощью HD-камеры.', 1, 0, 1);

-- --------------------------------------------------------

--
-- Структура таблицы `product_history`
--

CREATE TABLE IF NOT EXISTS `product_history` (
  `id` int(11) NOT NULL AUTO_INCREMENT,
  `product_id` int(11) NOT NULL,
  `user_id` int(11) NOT NULL,
  `date` timestamp NOT NULL DEFAULT CURRENT_TIMESTAMP,
  PRIMARY KEY (`id`),
  UNIQUE KEY `product_id` (`product_id`,`user_id`),
  KEY `product_id_2` (`product_id`)
) ENGINE=InnoDB  DEFAULT CHARSET=utf8 AUTO_INCREMENT=781 ;

--
-- Дамп данных таблицы `product_history`
--

INSERT INTO `product_history` (`id`, `product_id`, `user_id`, `date`) VALUES
(712, 98, 5, '2018-03-11 19:43:43'),
(715, 102, 5, '2018-03-11 19:43:52'),
(719, 103, 5, '2018-03-11 19:44:00'),
(720, 101, 5, '2018-03-11 19:44:02'),
(721, 106, 5, '2018-03-11 19:44:14'),
(722, 105, 5, '2018-03-11 19:45:11'),
(724, 104, 5, '2018-03-11 19:45:21'),
(727, 37, 5, '2018-03-11 19:49:31'),
(732, 38, 5, '2018-03-11 19:49:47'),
(741, 119, 5, '2018-03-11 19:53:04'),
(749, 64, 3, '2018-03-11 19:58:05'),
(750, 66, 3, '2018-03-11 19:58:08'),
(751, 65, 3, '2018-03-11 19:58:09'),
(754, 101, 3, '2018-03-11 19:58:40'),
(755, 102, 3, '2018-03-11 19:58:49'),
(756, 103, 3, '2018-03-11 19:58:49'),
(757, 98, 3, '2018-03-11 19:58:51'),
(760, 118, 3, '2018-03-11 19:59:03'),
(761, 107, 3, '2018-03-11 19:59:06'),
(762, 37, 3, '2018-03-11 19:59:28'),
(769, 88, 6, '2018-03-11 20:00:28'),
(770, 89, 6, '2018-03-11 20:00:30'),
(771, 125, 6, '2018-03-11 20:01:24'),
(772, 126, 6, '2018-03-11 20:01:27'),
(775, 124, 6, '2018-03-11 20:01:32'),
(776, 123, 6, '2018-03-11 20:01:34'),
(777, 122, 6, '2018-03-11 20:01:35'),
(778, 103, 6, '2018-03-11 20:02:26'),
(779, 101, 6, '2018-03-11 20:02:30'),
(780, 99, 6, '2018-03-11 20:02:33');

-- --------------------------------------------------------

--
-- Структура таблицы `product_order`
--

CREATE TABLE IF NOT EXISTS `product_order` (
  `id` int(11) NOT NULL AUTO_INCREMENT,
  `user_name` varchar(255) NOT NULL,
  `user_phone` varchar(255) NOT NULL,
  `user_comment` text NOT NULL,
  `user_id` int(11) DEFAULT NULL,
  `date` timestamp NOT NULL DEFAULT CURRENT_TIMESTAMP,
  `products` text NOT NULL,
  `status` int(11) NOT NULL DEFAULT '1',
  PRIMARY KEY (`id`)
) ENGINE=MyISAM  DEFAULT CHARSET=utf8 AUTO_INCREMENT=85 ;

--
-- Дамп данных таблицы `product_order`
--

INSERT INTO `product_order` (`id`, `user_name`, `user_phone`, `user_comment`, `user_id`, `date`, `products`, `status`) VALUES
(79, 'Александр', '0988864291', '', 3, '2018-03-01 10:00:43', '{"57":1,"58":1,"61":1}', 1),
(77, 'Гриша', '0958866777', '', 6, '2018-02-28 01:26:24', '{"58":1,"59":1}', 2),
(78, 'Александр', '0988864291', '', 3, '2018-02-28 01:26:49', '{"69":1}', 1),
(83, 'Александр', '0988864291', 'Где Скидки?', 3, '2018-03-07 16:20:53', '{"54":2,"99":1}', 1),
(82, 'Сергей', '0995205376', '', 5, '2018-03-06 20:27:17', '{"72":1,"119":1}', 1),
(81, 'Сергей', '0995205376', '', 5, '2018-03-06 20:26:09', '{"54":1,"99":1,"93":1,"110":1}', 1),
(71, 'Александр', '0988864291', '', 3, '2018-02-28 00:37:15', '{"119":1}', 2),
(80, 'Гриша', '0958866777', '', 6, '2018-03-06 20:23:15', '{"54":1,"99":1,"108":1}', 1),
(69, 'Гриша', '0958866777', '', 6, '2018-02-28 00:35:43', '{"72":1,"40":2}', 1),
(84, 'Гриша', '0958866777', '', 6, '2018-03-07 18:11:02', '{"69":1}', 1);

-- --------------------------------------------------------

--
-- Структура таблицы `user`
--

CREATE TABLE IF NOT EXISTS `user` (
  `id` int(11) NOT NULL AUTO_INCREMENT,
  `name` varchar(255) NOT NULL,
  `email` varchar(255) NOT NULL,
  `password` varchar(255) NOT NULL,
  `role` varchar(50) NOT NULL,
  PRIMARY KEY (`id`)
) ENGINE=InnoDB  DEFAULT CHARSET=utf8 AUTO_INCREMENT=7 ;

--
-- Дамп данных таблицы `user`
--

INSERT INTO `user` (`id`, `name`, `email`, `password`, `role`) VALUES
(1, 'Администратор', 'admin@gmail.com', '123123', 'admin'),
(3, 'Александр', 'alex@gmail.com', 'alex', ''),
(5, 'Сергей', 'serg@gmail.com', 'serg', ''),
(6, 'Гриша', 'grisha@gmail.com', 'grisha', '');

--
-- Ограничения внешнего ключа сохраненных таблиц
--

--
-- Ограничения внешнего ключа таблицы `number_views`
--
ALTER TABLE `number_views`
  ADD CONSTRAINT `number_views_ibfk_1` FOREIGN KEY (`product_id`) REFERENCES `product` (`id`);

--
-- Ограничения внешнего ключа таблицы `product_history`
--
ALTER TABLE `product_history`
  ADD CONSTRAINT `product_history_ibfk_1` FOREIGN KEY (`product_id`) REFERENCES `product` (`id`);

/*!40101 SET CHARACTER_SET_CLIENT=@OLD_CHARACTER_SET_CLIENT */;
/*!40101 SET CHARACTER_SET_RESULTS=@OLD_CHARACTER_SET_RESULTS */;
/*!40101 SET COLLATION_CONNECTION=@OLD_COLLATION_CONNECTION */;
